Obj_name,right_ascension,declination,max_prob
Obj_1831,262.395800752811,65.9683946235078,0.99
Obj_97,271.623108898897,66.911765051774,0.99
Obj_3121,53.6006045324706,-28.8619665648815,0.99
Obj_2072,275.517494496468,64.9240335040077,0.99
Obj_1706,271.700665935523,68.4302609036484,0.99
Obj_1666,52.334650178328,-30.2924571373263,0.99
Obj_3067,50.9760452458612,-27.6129397431197,0.99
Obj_2134,272.171793943251,67.2438083837526,0.99
Obj_232,52.1851479609692,-29.5594775932866,0.99
Obj_3054,267.390111967372,68.2577099364787,0.99
Obj_2948,275.456901253949,67.2283211190226,0.99
Obj_2302,56.9665416048182,-49.901895054747,0.99
Obj_377,62.8363436339996,-47.8982682164943,0.99
Obj_1602,270.728404988136,63.436599479444,0.99
Obj_2236,50.6778644268171,-27.8236198614769,0.99
Obj_2267,60.0549512583021,-47.5245373711161,0.99
Obj_2933,65.6687871493612,-46.7234880433855,0.99
Obj_436,54.3044097035455,-29.239165123396,0.99
Obj_494,63.6629689711081,-48.0707285365233,0.99
Obj_675,273.626372862364,67.6434497006278,0.99
Obj_657,60.4850399311164,-46.7600891857733,0.99
Obj_2883,268.328685692982,64.4164375051191,0.99
Obj_2529,64.1566107256848,-47.4180670214782,0.99
Obj_2739,59.3479360032539,-47.3246317124503,0.99
Obj_2645,58.0154869720029,-50.0861168402327,0.99
Obj_967,52.1196965184681,-29.6813001920205,0.99
Obj_60,64.7069223713963,-48.3785794777166,0.99
Obj_2019,61.017276479338,-46.3322851464547,0.98
Obj_1765,51.4162675705233,-29.4362059470336,0.98
Obj_1743,59.5047454385304,-48.2773147741456,0.98
Obj_1713,53.629615909869,-28.2596690068273,0.98
Obj_138,268.736967689173,66.8053089817847,0.98
Obj_3096,61.9136704270635,-48.1620923588497,0.98
Obj_3123,58.0732849086254,-48.6218784997565,0.98
Obj_202,52.3096935919582,-27.663303612756,0.98
Obj_1692,56.2786627672491,-49.6551390501617,0.98
Obj_1740,266.058951653884,65.8550499195529,0.98
Obj_1736,54.8843351395235,-28.545676465937,0.98
Obj_2112,58.7167579467044,-51.2360464722075,0.98
Obj_2122,55.0552288314166,-29.1335488044731,0.98
Obj_3056,265.65106462623,63.6870050891768,0.98
Obj_238,52.3288178115842,-26.8706530983182,0.98
Obj_249,62.3652354654838,-49.8447650458606,0.98
Obj_2091,55.2712322289959,-28.4506057254366,0.98
Obj_2096,267.339801907857,64.0516372536183,0.98
Obj_1691,269.052688038449,64.6819274792382,0.98
Obj_281,58.5970085455067,-48.3009848997341,0.98
Obj_269,63.775994650359,-49.3347818909259,0.98
Obj_256,60.8243746770183,-49.045295240478,0.98
Obj_3064,52.7290108100956,-30.2519301553574,0.98
Obj_3084,59.4892540060235,-49.0261821574243,0.98
Obj_3085,52.771429532553,-29.3958102991037,0.98
Obj_3070,51.8103770232062,-28.9604398519794,0.98
Obj_1785,55.955225468782,-49.3289340446869,0.98
Obj_70,65.2386740421787,-47.9574019429777,0.98
Obj_3149,62.7617992489762,-48.6724689548436,0.98
Obj_3148,60.1054687848887,-48.6957407034465,0.98
Obj_3133,65.3605571863029,-47.6217467010778,0.98
Obj_1955,53.5772911946153,-28.1405202745673,0.98
Obj_1968,57.5051571968678,-48.7496562017972,0.98
Obj_1990,64.5489475579634,-46.6068392335014,0.98
Obj_18,269.857722684526,65.8462751332676,0.98
Obj_2167,61.5226676664429,-48.6993245270782,0.98
Obj_3044,274.871921131985,66.4522040036059,0.98
Obj_3031,64.5196329834196,-47.0275796293584,0.98
Obj_3035,267.8212172612,66.1503397550682,0.98
Obj_325,63.4443817458123,-47.9072676972471,0.98
Obj_321,275.438435396974,65.8138027129085,0.98
Obj_3029,269.254238865305,64.4256470879106,0.98
Obj_320,54.6527055561276,-27.1636509249911,0.98
Obj_3077,53.4172875212597,-27.1176794893788,0.98
Obj_2990,59.3419904620919,-48.4292932055029,0.98
Obj_1624,270.195832194489,64.6165261658273,0.98
Obj_1609,61.2913179956242,-46.544518738286,0.98
Obj_2173,55.926474637453,-49.5655181226675,0.98
Obj_2181,51.9786173268798,-28.6809070950977,0.98
Obj_2183,270.801682313365,64.8193714924551,0.98
Obj_1625,266.504507093793,64.8281496039986,0.98
Obj_1553,52.2654469094087,-29.056735116807,0.98
Obj_1568,53.8664164622992,-28.0572446539234,0.98
Obj_1591,59.2588476214803,-46.8710259088798,0.98
Obj_1592,63.8747832050887,-46.8683522143116,0.98
Obj_1506,264.671748373946,66.3505600279557,0.98
Obj_1510,52.2777010446583,-26.3339590568944,0.98
Obj_390,267.905409907836,67.0455952523979,0.98
Obj_400,53.2132648595914,-29.310643105716,0.98
Obj_2968,62.4896592306189,-45.9462640086372,0.98
Obj_363,62.0409006282654,-46.6380706612372,0.98
Obj_367,57.3055053497136,-48.5686165709197,0.98
Obj_2997,65.5282923700241,-46.4851725054881,0.98
Obj_3002,52.9979463491451,-29.2176270091096,0.98
Obj_3006,275.619902932533,65.3972541723174,0.98
Obj_3022,63.6158567620882,-46.1099179119478,0.98
Obj_3024,274.394425280219,66.4563771538016,0.98
Obj_2225,55.9672358116485,-49.1807840235803,0.98
Obj_1522,267.363556990407,67.2004767238238,0.98
Obj_1520,60.351304898872,-46.9507275671275,0.98
Obj_1516,57.7029731406222,-47.9120735866444,0.98
Obj_1511,266.756727416318,66.9279063231295,0.98
Obj_2981,269.299513008691,67.014704893711,0.98
Obj_2979,51.3386347856846,-28.9942514619071,0.98
Obj_2282,60.1471183947938,-47.2402032538065,0.98
Obj_1444,56.6742929518929,-48.890592835709,0.98
Obj_1485,51.9760938923701,-26.979609473715,0.98
Obj_441,276.186050831864,66.3929154991495,0.98
Obj_435,52.4662561426242,-30.2715154428236,0.98
Obj_2942,60.1132267433087,-47.7728793568731,0.98
Obj_2946,270.181523987114,64.7354007784254,0.98
Obj_2271,63.2189552927754,-46.1760560008122,0.98
Obj_2270,63.2326661377963,-48.2480845475963,0.98
Obj_2958,56.5630131941621,-49.5111312237245,0.98
Obj_2954,271.134411327533,66.4754583065028,0.98
Obj_2312,273.094215597031,68.735727891176,0.98
Obj_2298,54.3266115717766,-28.605813223965,0.98
Obj_2315,268.642123813723,66.1169614965473,0.98
Obj_1372,270.706871527648,65.8467858229814,0.98
Obj_2901,66.7541630399889,-46.8039406441026,0.98
Obj_2313,55.5564335122243,-48.6579667030835,0.98
Obj_194,53.6253015808398,-26.8586979130976,0.98
Obj_184,275.949066799589,65.1027812233722,0.98
Obj_182,64.5357320154969,-46.8696790271055,0.98
Obj_162,265.469660454746,66.8525351678976,0.98
Obj_1902,51.7929005918202,-28.678606763563,0.98
Obj_1905,269.495228651906,67.763223959784,0.98
Obj_1812,272.281087847199,66.3502001733448,0.98
Obj_1870,58.1692394294143,-48.8457126046333,0.98
Obj_2332,52.2449511106034,-28.6052817438719,0.98
Obj_1404,51.6759490332072,-26.8630720235514,0.98
Obj_1400,60.068073670298,-50.8209736988333,0.98
Obj_1394,65.7154429487628,-48.1014996606614,0.98
Obj_1388,52.0792939216633,-26.743843111014,0.98
Obj_2920,51.4837013095469,-29.621561176597,0.98
Obj_487,64.6250966784235,-47.7447555926617,0.98
Obj_485,59.1826873677542,-48.2571749544765,0.98
Obj_2867,59.9944529866666,-47.8516879998187,0.98
Obj_500,60.0632380932609,-49.062090892597,0.98
Obj_504,64.9501936695478,-46.9478386688095,0.98
Obj_2342,265.92880161358,66.6961398924859,0.98
Obj_1318,270.252451562272,67.592311847149,0.98
Obj_1319,59.1869121523759,-47.4481412037631,0.98
Obj_2348,264.982310174139,67.2739390592537,0.98
Obj_2343,61.3433523601027,-46.6918973469418,0.98
Obj_2391,59.5551838327951,-47.438169616497,0.98
Obj_2399,264.707842068315,64.7957054173695,0.98
Obj_2405,51.0979607507069,-28.0054521015986,0.98
Obj_2407,269.464002983081,65.8862311803206,0.98
Obj_2837,269.507689473448,65.9221222076873,0.98
Obj_554,53.8956315905774,-28.9804769064455,0.98
Obj_563,263.135647205734,65.5419537197341,0.98
Obj_571,53.5480515039157,-26.5011113397788,0.98
Obj_579,63.3551860178739,-47.0174389666354,0.98
Obj_595,58.3257420284847,-49.1779680087745,0.98
Obj_2844,59.4180098458971,-50.4574167230346,0.98
Obj_511,58.030930181289,-49.4846889509087,0.98
Obj_2886,58.0434652268082,-50.764826468192,0.98
Obj_2889,66.3420418023798,-47.4032681793484,0.98
Obj_2865,64.4422179975815,-48.0365150827317,0.98
Obj_2355,58.5815183365253,-50.9626757385199,0.98
Obj_1291,65.4981759777281,-49.0330612292867,0.98
Obj_1290,57.3533517119107,-48.8603106481734,0.98
Obj_1244,65.2101324195604,-48.0673020980264,0.98
Obj_1293,64.8980810612913,-46.0833838295944,0.98
Obj_2433,262.430017325708,66.0124099886118,0.98
Obj_2445,54.3382387442999,-27.15388093259,0.98
Obj_2447,63.2445738980188,-48.6077102424684,0.98
Obj_1311,54.0236154478267,-27.0736489635033,0.98
Obj_2800,56.6036270826745,-48.2914779188082,0.98
Obj_2804,64.1073351817086,-48.1534687546157,0.98
Obj_630,53.7104185892918,-29.9265628522716,0.98
Obj_622,62.7017769339338,-49.9164507284991,0.98
Obj_632,275.969096409197,66.5841127911655,0.98
Obj_2808,62.0120162956276,-50.2180553140737,0.98
Obj_2814,61.5339028191058,-47.3154543906961,0.98
Obj_2431,53.5528280596908,-29.6151597783898,0.98
Obj_2831,50.929482644621,-26.9745431104286,0.98
Obj_2836,62.1881611673677,-45.9917347957769,0.98
Obj_1207,54.9286507138942,-28.4190970125293,0.98
Obj_1204,58.8893888278052,-47.2378874882452,0.98
Obj_2452,58.5765573330904,-48.7555873648715,0.98
Obj_659,271.627700561322,65.4506826340624,0.98
Obj_661,270.668945861492,66.8280971373997,0.98
Obj_1208,57.4928311138126,-50.5510072308382,0.98
Obj_674,55.0777979327851,-28.9060176702812,0.98
Obj_681,60.229857613714,-47.6016158747865,0.98
Obj_698,270.636595736229,68.2957527093344,0.98
Obj_2846,266.390008347332,65.2956487802314,0.98
Obj_2417,53.1211116137202,-29.859927554946,0.98
Obj_1288,263.462308312032,66.6993606562572,0.98
Obj_1350,269.122640275672,67.5041482742116,0.98
Obj_1355,56.6975972083504,-50.0603443664085,0.98
Obj_1101,56.2918176564589,-48.7758114161454,0.98
Obj_1086,269.195659151929,63.9359575112099,0.98
Obj_2787,51.3870488226406,-29.3788585627879,0.98
Obj_2783,65.2231781191577,-48.0562452969373,0.98
Obj_2775,270.873721941908,64.7891090183347,0.98
Obj_2501,63.2625684447663,-45.5409671349929,0.98
Obj_2487,60.6142263924012,-49.6265033193755,0.98
Obj_1115,55.4904714637844,-48.477606380868,0.98
Obj_2532,61.6093992074436,-47.2031255478575,0.98
Obj_2726,62.9656449926064,-49.507761086941,0.98
Obj_2727,268.787925000414,65.1696310069466,0.98
Obj_2731,62.8705605286475,-48.7083766897649,0.98
Obj_710,268.143267664936,63.5414675004794,0.98
Obj_2502,53.1454901660294,-27.1485701406428,0.98
Obj_2522,267.276531539991,64.1876630779493,0.98
Obj_1118,272.213431992953,67.1222965170247,0.98
Obj_745,59.225037246667,-46.9005859026462,0.98
Obj_2748,64.4321697794297,-45.7178206200916,0.98
Obj_2541,52.2316806344977,-27.1872935559238,0.98
Obj_1014,266.723988129412,64.4969974157015,0.98
Obj_1036,65.4705386885613,-47.6226600192712,0.98
Obj_972,51.6928269611032,-27.8269608731049,0.98
Obj_986,266.226400539638,68.0544594075589,0.98
Obj_790,61.7803154404361,-46.5591949897398,0.98
Obj_791,58.4036159223405,-50.7908616252789,0.98
Obj_806,275.707319527175,65.4333428360848,0.98
Obj_815,266.236785053324,63.2829292014847,0.98
Obj_2662,268.448303060726,64.1510161935529,0.98
Obj_2678,270.514313067613,68.3234599828752,0.98
Obj_726,52.6552729864116,-26.4790850645871,0.98
Obj_740,274.207136940855,66.2032678420714,0.98
Obj_2531,58.2098123001176,-48.5760045878518,0.98
Obj_2686,64.6552254283726,-45.9555706326746,0.98
Obj_2684,64.1246118273665,-48.3851711135884,0.98
Obj_2680,66.3812782232003,-48.0254860957292,0.98
Obj_2688,263.756411502272,65.2428502450759,0.98
Obj_2597,273.351346398129,67.9784466427414,0.98
Obj_2648,53.7659063844535,-28.249867787777,0.98
Obj_2575,61.7058301883585,-47.2732902278782,0.98
Obj_1006,276.322274183211,66.7326674391287,0.98
Obj_864,60.4577484114068,-46.6120531792169,0.98
Obj_866,54.803045920313,-28.2812743457515,0.98
Obj_760,272.447231269581,68.0703974842232,0.98
Obj_941,54.2303324586389,-28.2255593319405,0.98
Obj_2616,268.675769701705,66.7708791721495,0.98
Obj_2620,60.1722405718348,-48.5661345276629,0.98
Obj_843,54.3697300370092,-26.5709923366386,0.98
Obj_2585,57.5904977706533,-47.3608354880134,0.98
Obj_2626,60.7448175980555,-47.0912064385626,0.98
Obj_2622,266.940183163719,67.649681100536,0.98
Obj_884,271.628540144114,63.7849299954341,0.98
Obj_876,57.4351920579502,-49.3019146404856,0.98
Obj_902,269.842022952903,68.0834093268277,0.98
Obj_3209,61.4066753369135,-49.4757177395618,0.98
Obj_1875,265.505116007482,66.6313187707603,0.98
Obj_1881,60.5777490971802,-46.9187283006806,0.98
Obj_100,63.9725720993058,-48.8286121105033,0.98
Obj_114,51.4905916251328,-28.2154083616805,0.98
Obj_115,54.1493743136054,-27.8467872302062,0.98
Obj_3161,54.1483826047725,-27.6508301922295,0.98
Obj_3179,52.231108166514,-26.5273337168975,0.98
Obj_3186,62.5556268212024,-47.3423685782967,0.98
Obj_8,54.3150656797839,-28.8096340208796,0.98
Obj_4,51.4871936729841,-28.2071886086649,0.98
Obj_12,53.3451494404045,-28.1531479593432,0.97
Obj_3217,265.19120701799,64.332168772955,0.97
Obj_15,268.957157957398,66.702928194803,0.97
Obj_16,269.863558676191,67.4575617135603,0.97
Obj_3225,271.276120152995,64.9351722729632,0.97
Obj_3138,61.7499836604484,-47.8501751384064,0.97
Obj_3141,53.1171603030868,-26.9218582782704,0.97
Obj_3144,57.2959655941444,-48.7982966168201,0.97
Obj_3147,62.0028507438854,-49.5355458312494,0.97
Obj_2011,61.7269172414237,-45.7828484090506,0.97
Obj_1741,266.444411192269,66.6477425976033,0.97
Obj_1782,274.10389598462,64.7342615142847,0.97
Obj_1783,271.664191303261,66.5590682312182,0.97
Obj_1796,52.1671302070924,-28.2851712794467,0.97
Obj_2029,272.182209346613,65.8238889301208,0.97
Obj_2043,60.6665891057815,-50.6504449639322,0.97
Obj_2613,272.332189595205,65.9288839875308,0.97
Obj_2621,60.6882150425922,-46.1543410372746,0.97
Obj_2623,59.5765213745788,-48.056672644876,0.97
Obj_874,56.7366005255312,-48.7189862486903,0.97
Obj_883,52.7667256529168,-26.1274600899899,0.97
Obj_899,64.326430197268,-48.3795612522114,0.97
Obj_905,58.5171463462677,-49.1278568274113,0.97
Obj_906,54.6907699789379,-29.3142639120168,0.97
Obj_915,57.8955889088749,-47.370498862644,0.97
Obj_2631,65.9398050390141,-47.6926570566784,0.97
Obj_2632,51.1488188185535,-28.8833899542452,0.97
Obj_2641,53.8709468016979,-29.3806603384226,0.97
Obj_827,60.3148405225887,-48.2954138326191,0.97
Obj_829,63.6024301858128,-47.0762361663238,0.97
Obj_854,65.4971475325833,-47.4817595842578,0.97
Obj_763,60.1919713284952,-46.7996354513624,0.97
Obj_773,53.6848571552055,-28.5586993741119,0.97
Obj_2610,56.9909924917764,-48.5672816289306,0.97
Obj_3091,267.155065608906,65.6147965327702,0.97
Obj_3102,263.144323959869,66.5806426672812,0.97
Obj_3105,53.2119867288591,-29.5157515032115,0.97
Obj_3108,59.4261952625659,-50.4061660538805,0.97
Obj_3111,60.7727307480911,-46.6294879147984,0.97
Obj_135,53.3362169139776,-26.8153923541219,0.97
Obj_2080,59.1920838740587,-49.8247217736583,0.97
Obj_1693,58.0998765499857,-49.7128702579269,0.97
Obj_1697,63.0501668855112,-49.6421703099793,0.97
Obj_1714,51.5498152801608,-26.4524451488709,0.97
Obj_1727,51.3231737840672,-26.5506021074445,0.97
Obj_1732,58.9283156102149,-47.4107639431143,0.97
Obj_1639,59.6574107964311,-50.9496666578256,0.97
Obj_2669,275.330012145573,66.9494162042576,0.97
Obj_2673,270.497007362615,65.8908923270838,0.97
Obj_2697,272.173792479006,66.9151407348754,0.97
Obj_988,66.261411701391,-47.2558173596213,0.97
Obj_990,53.2787531990474,-26.7280494225134,0.97
Obj_996,269.498382296308,66.2671597307025,0.97
Obj_1008,58.0320926480921,-48.4476197054577,0.97
Obj_2570,56.9981154468185,-49.8681082147442,0.97
Obj_2576,60.9705213752903,-46.6129896375263,0.97
Obj_2605,274.783371080755,66.6860037140349,0.97
Obj_2761,268.859384151261,65.804318605066,0.97
Obj_2763,59.7218624066659,-47.3909370496147,0.97
Obj_2555,52.1146233384135,-30.0355665099546,0.97
Obj_2556,268.754096566202,66.620484435876,0.97
Obj_2560,59.5133792875407,-46.8989201596314,0.97
Obj_1020,63.5751987072651,-45.3349530072883,0.97
Obj_1031,54.8997832499346,-28.9287038527724,0.97
Obj_1044,266.18731773992,65.2427785172128,0.97
Obj_1054,56.2308950051373,-49.6235490331373,0.97
Obj_1064,264.973268908982,65.3659956103423,0.97
Obj_971,63.9360096041228,-46.0636298714129,0.97
Obj_976,62.4716106463825,-48.3295647008695,0.97
Obj_2663,60.5366419644859,-51.1709564099709,0.97
Obj_1104,54.2937749752977,-28.7186349344259,0.97
Obj_2491,52.7882740202661,-28.7150021280621,0.97
Obj_2494,51.0399719104612,-26.8066118574088,0.97
Obj_2497,52.3756484538072,-26.9397270806563,0.97
Obj_2499,265.060121104088,65.9363065390875,0.97
Obj_2504,62.9341195185325,-48.3878484737954,0.97
Obj_2509,66.7696197740127,-47.2811788245183,0.97
Obj_2534,53.9131973538859,-29.8068912208257,0.97
Obj_2536,60.3902248862742,-48.6945851960902,0.97
Obj_2717,58.3271903179241,-50.4122132771844,0.97
Obj_1668,63.1506645302838,-47.7714695785737,0.97
Obj_1677,53.7994150432416,-26.4795543523953,0.97
Obj_1679,60.6940320551596,-47.0858059715155,0.97
Obj_2092,56.2601627888312,-49.4422585266887,0.97
Obj_2098,63.0674737793139,-49.6776235943157,0.97
Obj_247,53.2251603512988,-29.1912632085286,0.97
Obj_175,61.9430898393111,-49.4748292680823,0.97
Obj_664,58.9471119531693,-47.3673104138285,0.97
Obj_678,66.0347869578685,-48.6523202578293,0.97
Obj_2776,271.208305822489,66.3140654700631,0.97
Obj_2790,54.1791228562548,-28.72613109639,0.97
Obj_1152,52.8632999998417,-28.4316698764512,0.97
Obj_1159,273.400090998493,64.7432701677097,0.97
Obj_1185,269.85725760476,67.5264334210709,0.97
Obj_1075,52.1898559027533,-29.0559641291994,0.97
Obj_1080,51.753922638134,-28.9520742232115,0.97
Obj_1088,63.2318501049563,-48.3271550312646,0.97
Obj_1091,55.8102704916929,-48.4697661917848,0.97
Obj_302,53.8801551658337,-29.763658850721,0.97
Obj_315,61.9336058371158,-47.8012456864988,0.97
Obj_319,62.3851074225926,-46.2336648180397,0.97
Obj_3051,53.690346044779,-28.3381025250588,0.97
Obj_2144,264.115978010869,67.4268473009662,0.97
Obj_1595,267.056417689606,64.4821726713345,0.97
Obj_1615,55.8705975493946,-49.2718683718225,0.97
Obj_337,270.118634661,66.8001589070399,0.97
Obj_627,54.1731706004825,-26.6998941169256,0.97
Obj_2834,54.9264088816657,-29.1694182123307,0.97
Obj_1213,61.9448746065482,-47.9077942436869,0.97
Obj_1224,56.2140286178509,-49.2327240515735,0.97
Obj_1227,60.2466926618297,-50.5704850935781,0.97
Obj_2468,56.3810249084646,-49.303794237358,0.97
Obj_2469,63.381210821303,-49.2282588767752,0.97
Obj_2477,267.909359232615,66.7163472471384,0.97
Obj_2482,275.711265018626,67.2902238678693,0.97
Obj_344,266.578578643485,65.4321224627331,0.97
Obj_347,56.001503912872,-48.9001188328121,0.97
Obj_362,61.715895533761,-47.5203671863944,0.97
Obj_2193,63.5749521479933,-46.6692315843789,0.97
Obj_1585,53.7695596062219,-26.9685453050376,0.97
Obj_1586,266.328367060227,65.3225541433588,0.97
Obj_1498,271.184913902565,67.7811201869794,0.97
Obj_1499,270.42410236376,68.6192452858706,0.97
Obj_1505,266.362233900965,63.3852039659093,0.97
Obj_1236,56.2682304375394,-49.9731768941221,0.97
Obj_1249,268.992505920234,68.3737062907696,0.97
Obj_1257,63.3504534338989,-49.6729712934277,0.97
Obj_1261,263.149419257328,65.9513753610069,0.97
Obj_2430,55.3585150831725,-49.6790485194346,0.97
Obj_2438,56.8587978840699,-49.4491231921982,0.97
Obj_1191,268.085755169239,66.4626577063485,0.97
Obj_2794,274.735667590497,66.152821287295,0.97
Obj_610,264.734719034783,65.5161868670925,0.97
Obj_413,54.2784692542451,-26.5525825564587,0.97
Obj_415,67.0256503838046,-47.9880256595329,0.97
Obj_2961,265.816447287602,67.9833842341151,0.97
Obj_2963,59.3367205712682,-51.371173507674,0.97
Obj_2974,264.386554438048,67.0781720133885,0.97
Obj_2980,61.6241683790183,-47.3724150605556,0.97
Obj_1515,272.567938883328,68.4657957871405,0.97
Obj_1523,271.514055233195,67.6853384753043,0.97
Obj_2231,66.7772262563204,-46.73790894931,0.97
Obj_2394,275.502014617677,65.559776793166,0.97
Obj_564,55.6826860527879,-49.3454792490453,0.97
Obj_601,63.6091225532156,-47.9546349531915,0.97
Obj_2841,53.0124332006999,-26.6920382378568,0.97
Obj_2411,53.8608586209806,-27.1087577199745,0.97
Obj_2416,60.0489186644597,-46.750998075072,0.97
Obj_2419,61.4732744371946,-48.2865223376303,0.97
Obj_2420,271.268216003244,66.44536713605,0.97
Obj_1234,274.17379035616,64.5581087606057,0.97
Obj_2871,54.9902125148147,-27.9917817359704,0.97
Obj_1336,60.0010191796037,-49.8022254018649,0.97
Obj_1359,268.1971180137,65.2219574916902,0.97
Obj_1366,63.4124435178949,-47.5621090450862,0.97
Obj_2371,64.3122473547393,-46.8359623653145,0.97
Obj_2372,54.8226071629828,-27.6342938732075,0.97
Obj_2240,60.4680998324671,-49.2050270124778,0.97
Obj_2251,269.425893033338,67.4542274369667,0.97
Obj_2253,54.4099532705132,-28.1510717718556,0.97
Obj_2255,272.079303136966,66.1236462746907,0.97
Obj_2261,264.754537864987,65.5252821293974,0.97
Obj_1420,63.9942019604742,-48.5660483677508,0.97
Obj_1437,63.9351764763535,-46.0626680594723,0.97
Obj_424,57.8591337767326,-51.0368105293276,0.97
Obj_432,57.3633133973838,-49.4710429106104,0.97
Obj_2939,274.850508381419,66.2791783222771,0.97
Obj_2959,53.3137837066269,-28.1818967873596,0.97
Obj_2292,59.2417247312698,-51.1893330303915,0.97
Obj_2293,63.6668359444706,-48.129119484967,0.97
Obj_2303,62.5368016334027,-48.0750053217698,0.97
Obj_2307,54.2052444257583,-26.7203675510068,0.97
Obj_2316,64.6667163304372,-47.8803755658213,0.97
Obj_1378,57.522155742953,-50.9579932812761,0.97
Obj_2891,264.019328817475,66.5564230618273,0.97
Obj_2906,65.1615494886734,-46.2163312183999,0.97
Obj_455,60.7494788546717,-47.0947100494121,0.97
Obj_458,271.930067624476,67.1701562481342,0.97
Obj_464,53.630095235537,-28.2565818030484,0.97
Obj_467,53.9172358281093,-29.1508027241774,0.97
Obj_484,55.3712655360711,-48.4938600517064,0.97
Obj_491,53.6966297988767,-27.5341633094922,0.97
Obj_2914,53.1742517757563,-28.0975722885351,0.97
Obj_2924,52.303910692007,-28.4873609403882,0.97
Obj_2932,66.9041553596255,-46.9137016297871,0.97
Obj_2341,272.638181629925,64.5916057246806,0.97
Obj_2864,63.0757360934614,-47.9957260238334,0.97
Obj_42,269.130744232666,63.8426970111677,0.97
Obj_1829,270.685820052558,63.5273486079799,0.97
Obj_1942,267.927348364542,64.7616799833224,0.97
Obj_1960,56.3991724238608,-50.4398219827807,0.97
Obj_2008,271.278748601816,65.2028481883724,0.97
Obj_148,52.655965263293,-28.9133341971211,0.97
Obj_159,57.2757663096875,-48.0610837867327,0.97
Obj_3131,52.2880736470163,-29.7584664507613,0.97
Obj_2646,64.0044034243855,-48.0691730788603,0.97
Obj_59,58.4469312574814,-48.3675364070839,0.97
Obj_65,51.1223313125764,-27.3970336738779,0.97
Obj_3197,271.138831137647,68.19822908352,0.97
Obj_3203,266.408764255032,65.2769048291762,0.97
Obj_1877,62.1854905154094,-50.0916496952479,0.97
Obj_1890,64.1045058572984,-45.5755420943438,0.97
Obj_125,54.0077357842933,-26.4624126252852,0.97
Obj_118,265.815190851804,66.4438288667479,0.96
Obj_110,61.1458350743497,-47.6298974344701,0.96
Obj_1893,59.9520245066818,-46.7480178980871,0.96
Obj_3215,63.1919103820542,-47.7208750588786,0.96
Obj_3207,61.4906260810198,-46.6526021418077,0.96
Obj_3204,63.6217272009689,-49.6131396836208,0.96
Obj_3196,269.354037898599,67.8763470493774,0.96
Obj_51,62.5753704637458,-47.7272810501269,0.96
Obj_161,53.445251280143,-28.938627226443,0.96
Obj_160,62.4955148822228,-47.1355128897699,0.96
Obj_139,55.4211285554173,-48.8360433899968,0.96
Obj_1933,267.745662571938,67.1501756352429,0.96
Obj_1871,61.3279109782098,-48.388046056536,0.96
Obj_1838,66.3240973020146,-47.7065201356723,0.96
Obj_1899,64.0083273047379,-48.6484439453729,0.96
Obj_39,61.0798042787247,-50.5870120432844,0.96
Obj_2347,58.0474827210205,-49.6610579643623,0.96
Obj_2328,273.315512688054,68.0037426194924,0.96
Obj_2324,62.8211520304176,-48.2137644969638,0.96
Obj_1382,54.7338175492143,-28.0931788108231,0.96
Obj_1376,275.079429868858,67.2224967856493,0.96
Obj_2319,267.90671378544,66.6240795263386,0.96
Obj_2310,58.7758015497392,-48.2653468216284,0.96
Obj_2299,54.3676636797091,-26.6574072133333,0.96
Obj_2937,59.6643788997126,-50.7228667447271,0.96
Obj_433,263.536492929248,65.7566301138594,0.96
Obj_418,54.2738957304111,-26.9078957359035,0.96
Obj_1429,266.77152427557,67.8978312501699,0.96
Obj_1421,66.0837363684079,-46.7161281934575,0.96
Obj_1486,53.2212136674086,-26.9401086446268,0.96
Obj_1472,63.6216435121443,-45.9964902024657,0.96
Obj_2276,269.069095618589,68.7340335303998,0.96
Obj_2274,51.2216028910187,-27.4156277278779,0.96
Obj_2246,59.3151852381211,-50.6374295654628,0.96
Obj_2379,265.734690808739,64.3056951666811,0.96
Obj_2364,64.0421320316795,-47.4390113447241,0.96
Obj_2362,52.2013839536936,-27.2479143454142,0.96
Obj_1341,275.5908244968,65.07933286389,0.96
Obj_2874,56.648597815581,-50.3627067865847,0.96
Obj_517,270.434954242601,65.579329999342,0.96
Obj_507,53.0004734687583,-27.2624573856213,0.96
Obj_506,51.9026380318618,-29.3239570865736,0.96
Obj_501,53.2416477361956,-26.1846767431688,0.96
Obj_2870,52.9901753619875,-29.0747142915183,0.96
Obj_1232,53.9387177276504,-27.017806376757,0.96
Obj_2414,276.06987235581,66.2300502973339,0.96
Obj_2851,52.5338089433593,-26.6821728264839,0.96
Obj_603,60.8324498681179,-50.29422174225,0.96
Obj_566,56.7298123976083,-48.9853879209901,0.96
Obj_560,60.5256963897231,-47.1641698818777,0.96
Obj_556,53.8816897839732,-28.5077809355241,0.96
Obj_2235,58.9424239782807,-47.4998403594665,0.96
Obj_2211,61.7503706215606,-49.1435689154184,0.96
Obj_1531,273.188100647646,68.2007228948623,0.96
Obj_407,272.622092065247,64.2018608420302,0.96
Obj_401,273.520202905177,64.3406306641034,0.96
Obj_395,65.0779138781533,-46.827425927588,0.96
Obj_388,60.4014575491076,-47.366931744512,0.96
Obj_1203,59.184419987397,-47.7164477822667,0.96
Obj_2444,61.8506802747543,-48.3734961067551,0.96
Obj_2435,59.5929606301789,-48.1627294161191,0.96
Obj_2429,269.061291454375,65.6447346695438,0.96
Obj_1262,264.234301814995,67.4272150833173,0.96
Obj_1250,61.1778039804011,-48.4474224539006,0.96
Obj_1248,268.231083345279,66.7006517845751,0.96
Obj_381,61.6919594047036,-48.5110115424958,0.96
Obj_1508,61.7869099159649,-50.2710537914124,0.96
Obj_1587,270.28025311773,65.5421385267208,0.96
Obj_2208,275.996432888513,65.4930847385113,0.96
Obj_2206,267.846667011017,65.5649089949425,0.96
Obj_3020,59.2327606642181,-46.9145964551658,0.96
Obj_2998,86.0602936012872,-7.96315608195935,0.96
Obj_1149,63.1050726359647,-49.0855829316719,0.96
Obj_1147,52.2134872533211,-27.9025255510349,0.96
Obj_2461,62.50935287992,-47.2071893795302,0.96
Obj_2458,53.056765140389,-29.8530380190126,0.96
Obj_1220,268.687686047189,68.0650513725002,0.96
Obj_2825,54.4017928467485,-27.0016797859212,0.96
Obj_2807,53.8072642483378,-28.0782077821894,0.96
Obj_333,57.5034612748344,-50.1612461938532,0.96
Obj_2191,63.2080446666191,-47.8807759811353,0.96
Obj_1637,265.23331864619,66.682940861617,0.96
Obj_1631,62.6633831914196,-46.365491260604,0.96
Obj_2170,273.671335905643,68.2720913434559,0.96
Obj_3049,57.6267298156796,-50.6260983439412,0.96
Obj_326,62.8092537695902,-47.7476500981918,0.96
Obj_300,270.60181953178,63.7802046527446,0.96
Obj_1089,60.4083059232709,-48.141022688558,0.96
Obj_1165,52.1468922689826,-27.3927069197279,0.96
Obj_2780,59.0768469630585,-47.1403354443592,0.96
Obj_694,267.274538578728,64.3670475348194,0.96
Obj_662,269.21364916703,67.9979701775152,0.96
Obj_3025,58.6701357940656,-49.8388131685046,0.96
Obj_287,266.46721450971,67.2040469169197,0.96
Obj_2125,52.5120039564489,-28.7958392479195,0.96
Obj_2110,264.475941550273,64.524657361395,0.96
Obj_2109,269.358427217695,67.2602320899631,0.96
Obj_2103,61.484478492924,-49.947288213958,0.96
Obj_2101,52.1400527476511,-30.0845914492672,0.96
Obj_1680,66.1269122373079,-46.9822361760809,0.96
Obj_1665,57.3290263702127,-48.7696999027821,0.96
Obj_2732,269.102482159321,66.1575891278884,0.96
Obj_2723,54.2318309452195,-26.382094789848,0.96
Obj_2715,275.03470801356,65.9999250130901,0.96
Obj_2527,270.957249891613,68.2200151551564,0.96
Obj_1127,53.2128101110979,-26.652851675618,0.96
Obj_1123,61.072210905531,-50.2286857188097,0.96
Obj_795,57.5106653622414,-47.8816537748306,0.96
Obj_2551,270.653244749215,65.1641887909901,0.96
Obj_2753,59.5648979011025,-49.5390190057502,0.96
Obj_2595,266.011436345633,66.7174414361958,0.96
Obj_2579,55.8017269221444,-49.7543734342666,0.96
Obj_2572,51.5934967516672,-28.5961610355712,0.96
Obj_2564,55.4576076616683,-49.4708506173422,0.96
Obj_1012,63.1658128941707,-46.9105788535965,0.96
Obj_2690,266.573010036907,64.2866918967139,0.96
Obj_1699,65.6817006201452,-46.6365918026751,0.96
Obj_3095,64.2662219718937,-49.2531714446618,0.96
Obj_223,60.6014040834913,-48.9343140132255,0.96
Obj_2609,275.197363348697,67.8289421380697,0.96
Obj_968,270.027952070244,66.6500442197832,0.96
Obj_965,64.1622434583956,-46.9627361881891,0.96
Obj_939,274.510146658192,67.4848370930228,0.96
Obj_772,53.1601574941433,-28.9955352580938,0.96
Obj_759,53.5700929595235,-28.7308514776923,0.96
Obj_844,61.5748465257337,-47.2889960614066,0.96
Obj_818,51.3829978890564,-28.3877592379851,0.96
Obj_2657,269.479408916714,64.43810259821,0.96
Obj_2651,268.60788767284,66.7319046235413,0.96
Obj_2643,266.71614798443,63.7974321443128,0.96
Obj_2638,54.5715565138003,-28.7971211446841,0.96
Obj_2619,66.7458738704032,-48.051084893113,0.96
Obj_2614,52.3859168191322,-28.8928617649253,0.96
Obj_2024,63.1064217720329,-48.9320293629713,0.96
Obj_1811,61.6809150684094,-47.5596786410463,0.96
Obj_1805,265.232196434959,66.1564266303555,0.96
Obj_1786,64.380207735168,-48.5794734823391,0.96
Obj_1775,56.6784502730898,-49.6666813629872,0.96
Obj_3155,267.100840422294,67.2746211047754,0.96
Obj_3160,54.2654577766334,-28.6650665903872,0.96
Obj_3174,270.656869684334,68.3529702909421,0.96
Obj_3177,61.0990300413624,-46.6505865936844,0.96
Obj_3185,266.82186128128,67.3182814831535,0.95
Obj_3219,268.755636339224,66.8043384593071,0.95
Obj_2941,61.6151467959556,-48.6343019665308,0.95
Obj_2940,268.186324144284,67.8979429128412,0.95
Obj_2955,64.8251041587542,-47.3139044668045,0.95
Obj_2943,64.5112340911678,-46.4504201213564,0.95
Obj_1892,265.573118052856,64.9039336929518,0.95
Obj_1891,271.432065219497,64.7154369517541,0.95
Obj_2956,270.715408383985,64.1725555213993,0.95
Obj_1886,271.750419689865,65.6525278565232,0.95
Obj_1822,265.822111772282,66.8854867134642,0.95
Obj_2976,59.6120631455094,-47.9168733274547,0.95
Obj_2971,62.2585199720692,-48.4224167413529,0.95
Obj_414,270.436169383694,68.1775345056753,0.95
Obj_704,57.9339367476388,-47.9204292972415,0.95
Obj_722,274.171657765587,66.3899279702893,0.95
Obj_702,54.3809980751978,-27.7385297849202,0.95
Obj_2983,64.259685407529,-47.0600917130634,0.95
Obj_1980,61.5957830948369,-47.2318440083296,0.95
Obj_1952,60.7142717441747,-49.3667102133158,0.95
Obj_1948,271.239293757658,64.0226256446604,0.95
Obj_1926,58.3064152663033,-50.9172661362649,0.95
Obj_1982,274.325898292281,67.0174970229774,0.95
Obj_456,272.829205347077,64.036703625615,0.95
Obj_2852,266.297941391471,63.2982349027854,0.95
Obj_2910,268.562353113203,64.3344526228825,0.95
Obj_1996,51.483064810758,-26.7918788170343,0.95
Obj_1712,65.7220122363637,-48.4485422534818,0.95
Obj_440,269.189921394929,65.2721595532268,0.95
Obj_2936,274.515888034656,65.2930842957904,0.95
Obj_2004,58.1937517092964,-50.6681056147941,0.95
Obj_562,268.124762358128,63.6936865098053,0.95
Obj_2845,266.717110205342,63.3381088569987,0.95
Obj_1618,267.406771207883,67.1618801310121,0.95
Obj_1687,272.169504697434,66.9245683680326,0.95
Obj_1671,52.4160156395129,-26.6009157821332,0.95
Obj_2143,272.298070600635,66.1930464697342,0.95
Obj_2078,265.08567004542,66.4661675349075,0.95
Obj_2833,266.542809162764,66.8719164276988,0.95
Obj_2121,64.1607531899508,-47.1728403137252,0.95
Obj_2062,53.6175491936405,-29.5443432222235,0.95
Obj_2820,265.276005141427,65.9625682512359,0.95
Obj_2876,266.349893852042,63.5219097993469,0.95
Obj_2878,61.3475557820838,-49.4663050697228,0.95
Obj_533,64.4625638819839,-48.920281783122,0.95
Obj_499,270.933680139753,68.5227249962678,0.95
Obj_3023,52.8390990158991,-27.5370109565932,0.95
Obj_637,270.856217217026,63.4676663946311,0.95
Obj_1703,56.237209848775,-48.6965436271396,0.95
Obj_2759,56.292285994792,-49.6794971620619,0.95
Obj_2239,56.3570205353425,-49.9198898525676,0.95
Obj_894,267.421249651088,65.1088590734969,0.95
Obj_2238,66.0231348156761,-47.8174476751271,0.95
Obj_2212,52.4499713691593,-27.7337973249676,0.95
Obj_2563,57.0945724801932,-49.9969804665184,0.95
Obj_2554,264.292350442267,67.4508194927135,0.95
Obj_917,62.2165306896853,-46.8353507389166,0.95
Obj_1390,267.632600494655,64.1483280227471,0.95
Obj_916,61.5761398042814,-47.2826943962665,0.95
Obj_2696,274.554353002272,65.6428150160296,0.95
Obj_2630,268.642941431088,66.1739495372821,0.95
Obj_2639,265.273447193683,65.0604811886293,0.95
Obj_788,60.3158805094804,-46.4985149464181,0.95
Obj_768,61.6990341786097,-49.4113648266276,0.95
Obj_2247,65.4927682046498,-48.9860266142471,0.95
Obj_2667,262.387573427933,65.6927869312284,0.95
Obj_2189,268.074922550005,67.9898456831164,0.95
Obj_1577,66.7559056687583,-47.6496430334532,0.95
Obj_1563,273.50004937155,66.1509872161222,0.95
Obj_2207,270.658624221875,66.440318000514,0.95
Obj_3106,52.4441819262497,-27.2607374063457,0.95
Obj_2720,267.194797188706,67.74331616663,0.95
Obj_2718,62.9507818076401,-49.3717486416411,0.95
Obj_211,53.5640579590856,-27.7236836447491,0.95
Obj_2706,54.4119677216094,-27.9518855316467,0.95
Obj_2702,59.8971235801761,-49.2821634378653,0.95
Obj_2699,268.493930721491,64.0510482879225,0.95
Obj_747,52.3502729950528,-28.8262924275434,0.95
Obj_2361,51.8303057095752,-28.0369000932509,0.95
Obj_2368,265.37267942696,65.5436635089379,0.95
Obj_933,51.8074436691555,-28.3578600950382,0.95
Obj_2567,51.9135819829527,-27.9824681949137,0.95
Obj_2601,267.74431960909,66.8522930832042,0.95
Obj_2604,52.1489380129588,-30.0537289354352,0.95
Obj_1370,266.566937079394,65.1962316295139,0.95
Obj_2450,58.3293610576033,-48.9634754538103,0.95
Obj_1199,52.8229411859592,-27.5774774924355,0.95
Obj_3163,58.872494999395,-48.7723760870225,0.95
Obj_3124,263.124563711235,66.0542404748992,0.95
Obj_3129,64.9316213340147,-46.266101497894,0.95
Obj_1876,269.643412386279,68.1623645775735,0.95
Obj_1287,270.311412349548,64.0034718605381,0.95
Obj_3214,60.0477302586689,-50.116851649979,0.95
Obj_1228,56.911061591983,-48.9674861223897,0.95
Obj_1139,62.4261938777835,-48.4862285898598,0.95
Obj_1145,57.1196072505609,-48.7269296029358,0.95
Obj_1305,51.3638862350174,-28.235528950431,0.95
Obj_275,65.5898034345249,-47.5050189666941,0.95
Obj_2322,60.0080168387296,-47.2314650149351,0.95
Obj_1323,65.8418795009004,-46.5763653053719,0.95
Obj_2353,61.3588602134315,-49.9051608654437,0.95
Obj_2360,268.698553895615,66.4457377892618,0.95
Obj_1322,59.9051036808534,-47.8447514675217,0.95
Obj_1216,66.7193843377297,-47.8193032914863,0.95
Obj_2321,64.7934400069892,-48.9329105539172,0.95
Obj_1397,64.9832764476727,-46.8338559593396,0.95
Obj_2629,271.534489530848,65.5343663649098,0.95
Obj_881,60.801770506379,-46.3751128285409,0.95
Obj_1474,65.1181134993697,-47.7485917007721,0.95
Obj_2606,65.0982321586191,-46.8463681991836,0.95
Obj_1063,65.2496212548952,-46.0606532566509,0.95
Obj_1052,271.015393520634,66.1894593099267,0.95
Obj_3076,53.3881680149042,-26.7978901419662,0.95
Obj_1087,265.210005442326,65.5633679742855,0.95
Obj_3086,61.1401842858205,-49.3146262508937,0.95
Obj_239,273.596961617597,68.2909245564363,0.95
Obj_2839,264.915479628296,67.4506331805358,0.94
Obj_2184,274.160960971392,68.2895102653953,0.94
Obj_2869,64.1407833705018,-47.9477962100389,0.94
Obj_508,269.523342610219,63.5744429046845,0.94
Obj_2928,271.275170054309,68.0074070636445,0.94
Obj_439,266.528489253894,65.4144278955319,0.94
Obj_2811,52.7539567702055,-28.3596350525206,0.94
Obj_2111,265.018348529697,67.6844625082923,0.94
Obj_2136,264.946965812136,64.3104177633056,0.94
Obj_2079,274.151911392415,68.4285242032294,0.94
Obj_1705,267.36866964171,64.6498274415056,0.94
Obj_2921,271.710297083526,65.4442638269804,0.94
Obj_1921,59.8611605864822,-47.2927111566745,0.94
Obj_1966,50.8789137773218,-27.0822466311125,0.94
Obj_1834,263.35802019552,65.2267204476676,0.94
Obj_2982,62.4279818753532,-46.873427722681,0.94
Obj_2991,57.3602506773089,-47.8767327673327,0.94
Obj_2035,58.4091329468913,-50.4088241960511,0.94
Obj_1710,54.7547125195816,-27.6821568530239,0.94
Obj_3191,61.4460194204693,-47.5201785515056,0.94
Obj_449,268.248232885985,63.3572854781912,0.94
Obj_1885,271.257035092653,65.9223971875877,0.94
Obj_2016,58.916730396553,-50.5318886081606,0.94
Obj_2003,51.9265539926929,-28.9840691566624,0.94
Obj_482,267.810681863264,65.2608169580938,0.94
Obj_2912,60.4033631814325,-48.6885344921962,0.94
Obj_3007,63.5143450986669,-46.1580127900455,0.94
Obj_2744,53.4667548537596,-27.5386963125988,0.94
Obj_1068,63.2196543213563,-49.9616230783304,0.94
Obj_1055,58.4378039037782,-48.5870484374491,0.94
Obj_2589,56.6380865103519,-50.5764756787727,0.94
Obj_922,272.451776044578,68.4993606852724,0.94
Obj_2226,59.9847964744545,-48.3110766277666,0.94
Obj_893,53.8848348308383,-29.508366611691,0.94
Obj_1479,59.9549775961954,-49.1836667765887,0.94
Obj_822,61.3779468034599,-47.0321159943627,0.94
Obj_944,61.1948621843528,-48.0355982306232,0.94
Obj_1018,269.161108703935,66.5307457857784,0.94
Obj_1524,59.1177381101211,-47.4458660352493,0.94
Obj_2722,62.6538026700543,-46.0626202998774,0.94
Obj_2694,54.7368111914995,-28.7088967912142,0.94
Obj_2659,64.9350984398477,-47.7316308483704,0.94
Obj_156,270.728211654334,66.352782891717,0.94
Obj_2716,265.99419204382,67.8740979334169,0.94
Obj_142,62.0386549284083,-47.985877795848,0.94
Obj_143,62.6299280768854,-48.0257366743,0.94
Obj_3110,57.6733438235769,-50.3517072631051,0.94
Obj_739,270.85421063059,65.9099626596826,0.94
Obj_206,273.461288332197,65.1839306521389,0.94
Obj_3101,270.547416740579,63.4947287935332,0.94
Obj_2670,62.5351143600608,-46.8218169849123,0.94
Obj_766,52.6087253371282,-29.1709120614712,0.94
Obj_853,61.7383013752194,-48.3997180449864,0.94
Obj_762,62.4690778374142,-47.6691765929532,0.94
Obj_3052,60.9509347658017,-46.7870849368737,0.94
Obj_1092,65.2892171985959,-47.8354421389462,0.94
Obj_1175,59.4079605286364,-49.2661013358253,0.94
Obj_2514,52.1563905214026,-26.7606483976983,0.94
Obj_2459,274.281278211642,67.4197504309674,0.94
Obj_1329,270.858926454293,67.381543675694,0.94
Obj_2349,66.2774458302239,-47.104402401269,0.94
Obj_2337,53.977132192555,-26.7939738627374,0.94
Obj_2397,51.6522528528508,-26.5498621850027,0.94
Obj_242,266.306786781708,63.9143424275248,0.94
Obj_1401,58.9805875596693,-49.303860023296,0.94
Obj_997,59.208129515872,-50.7548722853516,0.94
Obj_3061,52.8841120217605,-26.0141265378967,0.94
Obj_2518,57.9260708987211,-50.9609929760444,0.94
Obj_204,52.469619657956,-27.5883868526529,0.94
Obj_195,265.956438247985,63.9942283080064,0.94
Obj_3037,269.694101178908,66.2283864574899,0.94
Obj_3046,62.7871804893578,-49.9940286517643,0.94
Obj_3047,274.443554623574,64.4056964081154,0.94
Obj_1301,266.446760903712,66.4137345364396,0.94
Obj_1273,65.6368305109889,-46.9682700070752,0.94
Obj_2406,266.380258669057,64.5339498461673,0.94
Obj_1264,57.8040472692751,-48.4086052442901,0.94
Obj_2462,54.3713197458618,-27.4737262336429,0.94
Obj_2467,60.4008508373569,-46.9842036856079,0.94
Obj_2464,57.5817517958629,-48.7108476159006,0.94
Obj_3208,266.110229782181,63.5636576644079,0.94
Obj_3199,62.1350960324259,-49.9258758055213,0.94
Obj_3162,274.214594819569,66.2395516134121,0.94
Obj_116,265.697798990337,65.3985235288677,0.94
Obj_3134,59.5772666851457,-50.395600411007,0.94
Obj_72,264.763002764354,67.1404395719781,0.94
Obj_81,267.529211276748,65.7433769467617,0.94
Obj_85,59.0038425811145,-47.721919902548,0.94
Obj_86,62.3361745798712,-46.8782819150707,0.94
Obj_91,58.9540615371534,-46.8149400018883,0.94
Obj_386,58.478873176696,-49.8661848107504,0.93
Obj_1809,52.4618842067254,-29.3231801530287,0.93
Obj_1909,265.768287181352,67.6810784975878,0.93
Obj_1922,53.5857332475234,-27.769232020654,0.93
Obj_444,62.4053739823165,-47.5926088050558,0.93
Obj_1212,55.7535287415581,-48.7054422812114,0.93
Obj_378,65.3951338277405,-47.7763556352535,0.93
Obj_2006,56.7790048606061,-50.0076940225978,0.93
Obj_1986,53.6832278246937,-26.4028434286607,0.93
Obj_1333,269.269958456218,64.5750588044804,0.93
Obj_2451,270.159484718737,64.5425713152091,0.93
Obj_2454,267.571688408505,66.9578665846761,0.93
Obj_3,53.1474409354049,-28.7816894605717,0.93
Obj_3137,62.8578215910475,-49.5365381527423,0.93
Obj_11,63.5572341876356,-45.6702113742524,0.93
Obj_1833,61.3379661296599,-50.7303860956038,0.93
Obj_1835,57.0278620403034,-49.9397349055431,0.93
Obj_1307,52.1370920567297,-26.6600019220276,0.93
Obj_1289,271.046934490974,67.3569963644393,0.93
Obj_1167,271.201432321405,68.0246817094347,0.93
Obj_452,53.1161763107701,-27.2380571294977,0.93
Obj_1769,52.5622354261977,-27.3309168250955,0.93
Obj_472,62.8005064446045,-49.3050889896975,0.93
Obj_3060,268.404398246605,67.4666864229218,0.93
Obj_539,267.472743626285,67.8578385791124,0.93
Obj_514,53.0410710747518,-27.2184760269595,0.93
Obj_2848,269.076421005978,66.7665543234739,0.93
Obj_492,264.801061542342,66.3428938556777,0.93
Obj_598,266.414307832468,63.7717896457044,0.93
Obj_2045,59.8270099231082,-47.9564264181364,0.93
Obj_581,53.0525976223466,-29.1526675511114,0.93
Obj_2396,66.7728838620998,-47.3502575660616,0.93
Obj_2403,273.605752653472,67.3027594737797,0.93
Obj_198,275.61701455515,66.6509183752446,0.93
Obj_924,59.7530672420619,-49.8445359427719,0.93
Obj_3063,61.2380106697275,-47.7441499032734,0.93
Obj_994,63.164673734941,-45.486540830594,0.93
Obj_638,264.408813810989,66.0256884758338,0.93
Obj_1600,62.6625962417914,-46.6304562443697,0.93
Obj_977,61.1742139475473,-47.3473557671015,0.93
Obj_2166,64.518370891617,-49.3188574535124,0.93
Obj_2797,53.4324434892342,-27.5727390943777,0.93
Obj_2782,60.3052897618773,-49.9854189726822,0.93
Obj_2847,264.708270376901,65.90749866798,0.93
Obj_1449,63.0039712385511,-48.0450755982913,0.93
Obj_1448,268.604579098681,66.7339286063714,0.93
Obj_2549,268.723858925353,63.9736383087959,0.93
Obj_3033,272.06508864424,64.7119380115312,0.93
Obj_297,59.2687509183801,-48.8333472783084,0.93
Obj_3001,274.696050057639,65.7961380581521,0.93
Obj_2320,267.533747592134,67.7566282007925,0.93
Obj_858,54.459263222344,-29.1051961773325,0.93
Obj_1983,61.5791204233226,-49.1492026777059,0.93
Obj_1874,267.300916050155,64.6610976896835,0.93
Obj_3153,56.136780168923,-48.922314643648,0.93
Obj_3127,53.7110101354927,-27.7786841318577,0.93
Obj_860,50.9469597625369,-27.0850172163088,0.93
Obj_1453,64.876951093232,-47.131015440798,0.93
Obj_2624,52.5950298051287,-30.0834323852098,0.93
Obj_1458,52.6736249218487,-26.7165859614522,0.93
Obj_1445,61.650545706476,-46.2289265071999,0.93
Obj_157,58.0901018903209,-49.0922094496075,0.93
Obj_2676,57.8243264686294,-50.2308505559304,0.93
Obj_787,267.191499862021,65.8675915941601,0.93
Obj_2256,62.3197810281763,-46.8331768661387,0.93
Obj_2259,62.9466173640917,-49.6653832612702,0.93
Obj_956,270.254836693749,64.71118168267,0.93
Obj_920,52.7892516874189,-27.3769165586082,0.93
Obj_1584,61.6986440217875,-48.7154800293192,0.93
Obj_225,61.6911257944513,-46.5791402188138,0.93
Obj_2218,63.2764965852094,-49.9962977259962,0.93
Obj_890,57.3336206468126,-49.5691424959834,0.93
Obj_998,58.8860955285345,-51.1580699977326,0.93
Obj_725,53.3844609186838,-29.0666781051047,0.93
Obj_695,266.823530527702,67.3569337312835,0.93
Obj_679,61.754438653748,-46.8077266868695,0.93
Obj_2685,65.1313179765983,-47.3225623222316,0.93
Obj_2951,60.9311328985668,-49.4864557936816,0.93
Obj_3224,54.2975479122204,-29.1150006243376,0.93
Obj_3173,274.250017081842,66.7038176560258,0.93
Obj_2209,266.175707061989,67.0518956737002,0.93
Obj_53,63.7416693609881,-46.4205394125133,0.93
Obj_1828,51.322276551921,-27.0979616603586,0.93
Obj_1469,59.3589000176236,-49.6801121765734,0.93
Obj_2695,58.1856185225054,-50.2831674857424,0.93
Obj_431,269.144991738979,68.304693877255,0.92
Obj_1285,60.922385866065,-47.2659522119025,0.92
Obj_1961,57.1628109349587,-49.861460101658,0.92
Obj_374,52.5162552445778,-29.8054328249587,0.92
Obj_416,65.0471590972938,-46.4142031748746,0.92
Obj_1337,62.5569361396319,-47.8681082040041,0.92
Obj_2300,52.8467487808762,-26.027424759074,0.92
Obj_1364,267.908544348442,68.3365794050117,0.92
Obj_1723,52.2901022838462,-28.8293543595072,0.92
Obj_2907,54.7114998544544,-27.8448781680474,0.92
Obj_2908,53.9545037925125,-27.9119348964478,0.92
Obj_3053,63.9188165041607,-45.6540768938668,0.92
Obj_254,60.6150109285877,-50.9568403128026,0.92
Obj_1663,276.079113111014,65.5434938963998,0.92
Obj_2900,59.302266282316,-47.4922609658458,0.92
Obj_540,53.8337655364694,-26.4073676736864,0.92
Obj_1066,271.274962624662,65.592421340445,0.92
Obj_614,52.2071255043543,-29.5870017079429,0.92
Obj_2169,53.2532520675812,-27.5707298666169,0.92
Obj_1182,51.8661500590871,-26.6669480399854,0.92
Obj_1117,53.9361186975706,-27.2103588441238,0.92
Obj_3088,62.4231887653911,-46.0327522021635,0.92
Obj_2819,51.8389237804128,-28.0439621176326,0.92
Obj_2771,272.404255611254,64.9430001612086,0.92
Obj_1022,53.5406908234452,-27.9655548524311,0.92
Obj_2558,270.075829337879,66.4809694740055,0.92
Obj_2289,51.6785763884801,-29.711724157942,0.92
Obj_3009,53.1721924491313,-26.9802659603954,0.92
Obj_2994,59.7481171414464,-49.0582139853578,0.92
Obj_639,275.094591543593,66.5768735701037,0.92
Obj_3100,53.4577196121869,-26.5913101234598,0.92
Obj_668,57.4523640408565,-49.8951657252504,0.92
Obj_1578,62.6681480088027,-46.9813774839299,0.92
Obj_2734,61.9687276009765,-47.2911097931515,0.92
Obj_2730,60.0769094224615,-49.657137750966,0.92
Obj_2710,275.197927406165,66.5060042046326,0.92
Obj_2736,265.881527398585,67.8103094597842,0.92
Obj_2569,269.381695558608,64.7548977106348,0.92
Obj_1432,265.498784237064,67.6886728908653,0.92
Obj_2617,271.030790761958,67.6428101211198,0.92
Obj_945,61.9799186547512,-46.299404500731,0.92
Obj_2272,61.3496818382767,-46.8565702067974,0.92
Obj_828,65.1770856601935,-48.7211808545722,0.92
Obj_1535,271.027621726128,66.8721299161662,0.92
Obj_2195,64.4912553849803,-45.5838246440988,0.92
Obj_2677,270.396647836448,68.2858227883437,0.92
Obj_2687,271.602705123214,65.0650493488421,0.92
Obj_821,61.8826900861333,-47.8822388167874,0.92
Obj_2654,64.4034596327453,-47.6511848372916,0.92
Obj_1906,63.9771140889528,-47.9622851416237,0.92
Obj_1878,264.294006093349,66.1333616573079,0.92
Obj_34,267.758895232539,66.8172296031039,0.92
Obj_383,53.4100920036238,-27.9583503649694,0.92
Obj_3152,267.132568554854,67.5619146111922,0.92
Obj_3146,53.3007649242507,-27.5645085098291,0.92
Obj_3210,62.661647040238,-49.2514416955529,0.91
Obj_1477,266.61674258801,63.3541202384573,0.91
Obj_1562,264.486483465006,65.5530811395339,0.91
Obj_1494,270.20950514529,63.9920716178841,0.91
Obj_3221,268.564171697302,64.4200332107468,0.91
Obj_1850,64.9537319821839,-46.9374992555261,0.91
Obj_2283,264.688815768899,66.4545052890576,0.91
Obj_888,274.909639574414,65.4565851369779,0.91
Obj_2729,271.850105765298,65.3115273022032,0.91
Obj_2818,263.851715605265,66.0225731758073,0.91
Obj_544,61.8340920995353,-50.0705053370293,0.91
Obj_274,63.3888640475672,-49.3210209102843,0.91
Obj_3038,64.8151224955235,-48.4128482175541,0.91
Obj_1989,56.6586230544566,-50.703223412936,0.91
Obj_1660,52.9771161102286,-28.4716260929623,0.91
Obj_1266,56.9841895963684,-47.7104171481099,0.91
Obj_1302,56.2144523470091,-49.2290421868281,0.91
Obj_2473,58.7248762346458,-46.849225719893,0.91
Obj_2460,61.4200265797363,-48.2859937830459,0.91
Obj_2132,54.9439457788376,-29.4240170968564,0.91
Obj_557,52.195931517748,-26.6453036859761,0.91
Obj_2164,56.4074190857772,-50.6546220126601,0.91
Obj_2088,52.5756111200024,-27.8528773071144,0.91
Obj_2172,59.6771553038738,-49.9572630318322,0.91
Obj_1629,266.615327235338,68.027537047468,0.91
Obj_3080,58.6252805383012,-47.5563170794048,0.91
Obj_2538,53.3206436640754,-29.9647299240477,0.91
Obj_2778,61.1817202579324,-48.6442824607615,0.91
Obj_292,58.1125838993055,-47.9698390021706,0.91
Obj_1061,57.0897270635884,-48.3536159662639,0.91
Obj_2769,61.9863476574626,-47.806030248857,0.91
Obj_2764,61.1086974667076,-48.4356336732921,0.91
Obj_1056,59.663319202681,-47.2989776081287,0.91
Obj_700,63.6672255682069,-49.7517364366224,0.91
Obj_742,64.3381948190037,-46.3252320849968,0.91
Obj_721,272.026462401637,66.5660121193143,0.91
Obj_707,55.1504824164745,-28.4560948687424,0.91
Obj_2705,53.9017471154981,-29.1901284379883,0.91
Obj_430,268.840771812079,67.3544187810286,0.91
Obj_2418,54.1328266994893,-26.4312539171606,0.91
Obj_1270,272.827370199715,65.7978078642823,0.91
Obj_1209,51.444896482429,-26.5649408996947,0.91
Obj_2437,60.3396156467648,-50.5406338856928,0.91
Obj_345,61.5346683062696,-50.7016652383882,0.91
Obj_2966,62.2836552094539,-49.9405319288922,0.91
Obj_1951,58.4569929784752,-49.7195992199354,0.91
Obj_350,59.1212748874204,-49.5267322178197,0.91
Obj_2829,53.0854851423713,-29.2950361611262,0.91
Obj_2832,271.054959440251,65.6757448793309,0.91
Obj_2838,274.202326398105,66.8429802682302,0.91
Obj_2861,53.5957584977558,-28.0303279803908,0.9
Obj_375,274.079566158299,65.7497552100664,0.9
Obj_2390,52.8819604327386,-26.2298981014625,0.9
Obj_2543,57.5421190529534,-49.0075465753074,0.9
Obj_1534,270.373920852858,64.8379866784417,0.9
Obj_2950,267.610029702922,67.4005120196915,0.9
Obj_948,63.5564821706761,-47.8326475929956,0.9
Obj_756,263.893828389808,66.8063502842949,0.9
Obj_2194,63.5463687764745,-46.4977739272846,0.9
Obj_879,268.61452618086,64.4276374902642,0.9
Obj_2649,61.8459752241074,-48.4950269795694,0.9
Obj_1475,60.142338811488,-46.7139771661574,0.9
Obj_3125,61.531739444764,-49.8282843173932,0.9
Obj_1439,269.863855287175,66.3333239364665,0.9
Obj_1423,62.5783207742223,-49.9235353528092,0.9
Obj_3140,54.1020991130702,-27.6709495276697,0.9
Obj_1013,63.2488692083665,-45.4200901490176,0.9
Obj_2725,265.33470502109,67.6218074073255,0.9
Obj_146,62.5866319612134,-48.5082377028401,0.9
Obj_2709,65.6021523993079,-45.8996704450845,0.9
Obj_3169,52.2488387528139,-26.5579655187059,0.9
Obj_2434,59.2003917115252,-50.2421369465942,0.9
Obj_2436,55.7028833368098,-48.8949754598815,0.9
Obj_2988,52.1857931341432,-30.2272750671128,0.9
Obj_2432,53.5548090793016,-25.7466516269277,0.9
Obj_2894,62.5015315026289,-48.1706532030174,0.9
Obj_2548,51.4442229653835,-29.4017662928135,0.9
Obj_2147,65.7098434984701,-48.1511981015678,0.9
Obj_1599,59.9904152665355,-50.6504103146183,0.9
Obj_3066,59.1781757285177,-49.1587926517664,0.9
Obj_311,274.761345143052,64.461744786066,0.9
Obj_2701,268.556417584722,67.5559119498728,0.9
Obj_2733,56.370006166352,-48.7763850347769,0.9
Obj_1751,58.9335240536403,-51.0742325830256,0.9
Obj_1239,66.2167656875611,-46.8568381064865,0.9
Obj_1774,63.6927515055102,-49.9707837334014,0.9
Obj_2116,61.1195824271915,-47.2485108463023,0.9
Obj_3089,52.8200461877358,-29.3941397712154,0.9
Obj_505,65.5670708664886,-46.321584597848,0.9
Obj_2540,54.4562934846176,-28.9473053601387,0.9
Obj_617,266.344768503665,65.9753023566468,0.9
Obj_621,267.515293620765,67.3987361493862,0.9
Obj_548,273.031818449581,66.0080327852995,0.9
Obj_2216,275.730823912853,66.5768556785812,0.9
Obj_1496,64.1553581004882,-45.5781779861547,0.9
Obj_1011,57.5700860477603,-48.4048626680406,0.9
Obj_1830,265.852618399747,64.8429230130213,0.89
Obj_2674,269.759227512684,65.2549743351662,0.89
Obj_3193,60.4520070210262,-46.483919554866,0.89
Obj_1846,266.547676908957,66.9322721462754,0.89
Obj_849,265.204213176181,65.1777610277013,0.89
Obj_2265,273.146725924763,66.2224106875511,0.89
Obj_1808,61.54299516469,-48.5569299700645,0.89
Obj_2395,61.9154869197285,-47.2897336362768,0.89
Obj_1190,51.404100714665,-27.0918574938017,0.89
Obj_2478,66.8225259828546,-46.671175549446,0.89
Obj_3097,59.8662969448878,-47.2820361559681,0.89
Obj_835,58.8823720095716,-49.4593071788836,0.89
Obj_953,270.720635341915,67.9825655304419,0.89
Obj_3168,271.389972672533,65.9938853225426,0.89
Obj_282,64.0195510107206,-48.0940516585626,0.89
Obj_1422,53.0280280759515,-27.0271798106397,0.89
Obj_1396,59.2313334969935,-47.5324171357852,0.89
Obj_412,53.1712052667408,-27.8147790716697,0.89
Obj_2913,64.5594620981249,-46.7969964141101,0.89
Obj_2439,61.8685626724565,-49.4663836782054,0.89
Obj_1238,59.093088863481,-47.5920420007734,0.89
Obj_2392,61.2322051406839,-46.2957809519426,0.89
Obj_2304,61.7614946657809,-50.5590079519844,0.89
Obj_2770,54.2543099713437,-27.4467814309643,0.89
Obj_2773,63.7453890135299,-49.348453166294,0.89
Obj_684,263.763981006485,66.9964486209465,0.89
Obj_2065,51.7819731189648,-26.8311135861272,0.89
Obj_910,63.5713404729029,-46.9184582876676,0.89
Obj_303,52.6365188720906,-27.5925941337247,0.89
Obj_330,60.0589768260188,-47.6424646645151,0.89
Obj_1393,58.2804721040047,-49.5009359841045,0.89
Obj_2486,58.7862093154027,-49.8241966803067,0.89
Obj_2044,61.0301932088219,-49.1672461466998,0.89
Obj_2124,59.6725452735145,-49.6063814624891,0.89
Obj_2785,62.2682194665954,-46.6234043991528,0.89
Obj_2127,274.974012124476,67.0425918830612,0.89
Obj_3071,56.6131364952535,-48.8783524473352,0.89
Obj_164,55.5602294015791,-49.2997225495034,0.88
Obj_1435,59.316361810772,-47.3826855292789,0.88
Obj_1446,267.330990096794,65.0952365113727,0.88
Obj_1819,269.577260926635,66.0278746558925,0.88
Obj_166,60.4249895884672,-48.4948806895506,0.88
Obj_1619,62.3489294154876,-50.0181564378484,0.88
Obj_636,52.3747337279467,-27.098272772277,0.88
Obj_1094,58.925595764592,-49.7054818145912,0.88
Obj_1678,273.519004383902,68.4933360495903,0.88
Obj_322,269.151126640469,68.3151258843795,0.88
Obj_1411,66.1017476350771,-47.9038201875957,0.88
Obj_2758,270.860671584701,66.0074921308345,0.88
Obj_2754,56.8905213003478,-49.4192777071114,0.88
Obj_1371,275.530532831582,66.0262560423543,0.88
Obj_2552,273.911648391408,64.4383908361981,0.88
Obj_1386,56.5602952241105,-48.1196224377796,0.88
Obj_1174,56.5402937862119,-49.961723987214,0.88
Obj_2040,264.596223821532,66.2638881953731,0.88
Obj_613,57.2993097052487,-49.8962958738022,0.88
Obj_2095,63.6884351902786,-45.4183074239726,0.88
Obj_471,274.220451415617,68.4747142349352,0.88
Obj_189,61.9882436032496,-48.6191666665056,0.88
Obj_200,269.315881487421,68.0374230044437,0.88
Obj_469,268.576065269329,65.3778240908372,0.88
Obj_1344,269.767219100628,65.4867580280255,0.88
Obj_1222,51.3840965409472,-28.6500508058439,0.88
Obj_2915,271.684197772383,64.9080404805466,0.88
Obj_29,51.8522265607657,-29.7518048947835,0.88
Obj_2895,62.9531046564024,-47.7610821056342,0.88
Obj_1944,276.051228903255,65.7444332230295,0.88
Obj_1917,268.675074281043,66.018856051456,0.88
Obj_2370,51.2634924460603,-28.0993486153713,0.88
Obj_402,267.928500342609,65.3799967220472,0.88
Obj_2960,265.420219501077,67.4780328020019,0.87
Obj_3220,53.3503438570311,-27.1914721576049,0.87
Obj_643,65.0554040853215,-47.7806098281295,0.87
Obj_2996,62.1960372047836,-48.0810676383338,0.87
Obj_105,274.661093224025,64.4152341254638,0.87
Obj_405,52.3738857512942,-29.571954858629,0.87
Obj_336,267.871913429103,66.4794812237841,0.87
Obj_2935,271.393508543237,66.6258644039239,0.87
Obj_2786,64.5222022416518,-45.5915999203191,0.87
Obj_2882,51.4495061131905,-27.9440123689636,0.87
Obj_690,265.628230649939,63.6603026026335,0.87
Obj_318,63.2135243820026,-47.3257312293423,0.87
Obj_1938,267.812365890194,67.509611420089,0.87
Obj_1839,52.8719210916384,-28.5379960369047,0.87
Obj_167,61.8106173750147,-46.1671035765628,0.87
Obj_2032,64.7304986362448,-46.1091893479236,0.87
Obj_1649,267.111289492961,63.4085122268412,0.87
Obj_2177,262.74510250075,65.4813603994726,0.87
Obj_1460,56.4936240750192,-50.6282384784352,0.87
Obj_1470,66.1469449987608,-47.9891970797348,0.87
Obj_2241,64.2185231924059,-48.0854449616466,0.87
Obj_1537,53.2766212655229,-27.6028599041545,0.87
Obj_2171,51.4902487248345,-29.1591517151833,0.87
Obj_2325,59.1990268448371,-47.1812437895287,0.87
Obj_2400,264.257685349855,65.1267687023598,0.87
Obj_3062,59.219160887843,-48.8180415419752,0.87
Obj_1158,58.1344070237269,-47.3236224484314,0.87
Obj_1308,55.7482821463913,-49.6465229320438,0.87
Obj_2402,57.4205660572942,-48.7699568287581,0.87
Obj_1430,63.5284845540336,-45.6351067009671,0.87
Obj_2615,54.4107857486074,-26.9357008599578,0.87
Obj_1186,55.9800089185479,-49.9857568053317,0.87
Obj_2660,267.564286372796,63.4564100354252,0.87
Obj_749,270.298222291871,66.6720607900929,0.87
Obj_1991,65.6737202978947,-46.3549916025812,0.87
Obj_2031,63.2365823577249,-46.7888020663826,0.86
Obj_1681,54.9740447274332,-28.9287252734121,0.86
Obj_17,63.5622174726244,-46.4385356729523,0.86
Obj_1730,266.928401638079,68.1549956331345,0.86
Obj_1552,64.9618561395869,-46.2205468441175,0.86
Obj_1972,273.453599115244,68.7898092327688,0.86
Obj_1605,56.6055935936368,-47.8336596376709,0.86
Obj_438,266.152315490998,64.3948871123069,0.86
Obj_446,51.2242621115458,-28.4961742006049,0.86
Obj_392,63.4228422486311,-49.5834114629084,0.86
Obj_2972,53.4957093459638,-29.8069200345976,0.86
Obj_2925,268.80985226707,67.6216048705433,0.86
Obj_529,52.2637576628244,-28.6566229498325,0.86
Obj_2875,64.9680624130059,-49.4228556961971,0.86
Obj_304,50.9881450132806,-26.7561255663674,0.86
Obj_3202,53.536811879589,-27.9375224332949,0.86
Obj_3206,266.92212015494,65.185658845722,0.86
Obj_2918,60.0052540634783,-50.6752992660422,0.86
Obj_360,271.759393795144,64.6731670326871,0.86
Obj_656,60.2312992934668,-48.9282309494662,0.86
Obj_3019,271.722997931243,68.3675394245911,0.86
Obj_2205,60.1544949101379,-48.7757243022054,0.86
Obj_2412,264.531320957906,67.1657846823574,0.86
Obj_1260,263.582799236895,65.947439716896,0.86
Obj_1409,266.135191573652,65.7107993373124,0.86
Obj_179,270.148047296461,64.3162013400297,0.86
Obj_279,275.370096737028,67.4912854135689,0.86
Obj_2712,61.9383493355849,-48.7235664814861,0.86
Obj_2650,60.1858346810559,-46.9565505967956,0.86
Obj_2707,53.390765876717,-26.0880563622926,0.86
Obj_755,270.45185756297,64.0285270678081,0.86
Obj_3098,56.6591160181754,-49.3888760456141,0.86
Obj_260,53.1281415171969,-27.579862454269,0.86
Obj_2898,263.641121355261,66.6174864211152,0.85
Obj_366,62.467903913341,-49.2513133526388,0.85
Obj_3212,53.9392754877376,-27.6571309555117,0.85
Obj_101,60.7729095740466,-48.2400493372962,0.85
Obj_26,53.5735789516395,-26.7643698426693,0.85
Obj_47,60.8463164227151,-46.4897561417012,0.85
Obj_2765,67.034142248857,-48.018603234211,0.85
Obj_2789,65.4434885319867,-46.9993612315908,0.85
Obj_753,55.2002515183441,-29.1622146290621,0.85
Obj_2728,51.9307921043508,-29.2900435478464,0.85
Obj_2698,271.49034902695,67.7986454827435,0.85
Obj_1172,266.910632445012,65.5528775227092,0.85
Obj_3045,267.904175995926,68.0044752811198,0.85
Obj_1140,59.7713594502391,-47.8533658054563,0.85
Obj_2382,54.5125887867158,-27.0303358712537,0.85
Obj_2427,62.2642828278623,-48.6123312365594,0.85
Obj_1296,266.886424470428,64.7878260090899,0.85
Obj_2363,268.747029028422,63.7480620788337,0.85
Obj_1193,63.1240432969369,-48.1669511151816,0.85
Obj_1464,64.5891848663332,-48.5433914405998,0.85
Obj_2277,267.660287165556,64.5208852270321,0.85
Obj_1412,58.061907595807,-47.3381724180725,0.85
Obj_3099,55.847826308766,-48.5643119150876,0.85
Obj_228,53.2283422277463,-29.3932263853992,0.85
Obj_1507,266.257844254529,66.5209721859641,0.85
Obj_1451,272.874187878632,68.1089444773352,0.85
Obj_2119,265.002014111585,66.0661921641753,0.85
Obj_2131,58.9814909604034,-48.8862792052811,0.85
Obj_1636,275.07576653148,65.7670764350105,0.85
Obj_1608,65.3262714886212,-46.9763926696394,0.85
