Obj_name,right_ascension,declination,max_prob
Obj_3050,61.23201974384,-47.7097434585127,0.99
Obj_431,52.2802962042466,-26.2381144741421,0.99
Obj_479,62.9703781969996,-46.2453988360576,0.99
Obj_790,265.287226680678,64.6488267134717,0.99
Obj_819,269.201881191973,63.4617803097914,0.99
Obj_444,55.3284913382478,-49.114483923591,0.99
Obj_787,53.9302158022913,-28.252462207329,0.99
Obj_63,57.0128024166947,-48.8446655883076,0.99
Obj_1713,58.0600234342309,-49.7909510501468,0.99
Obj_1677,51.0708644841798,-28.691783543295,0.99
Obj_759,63.3246924229283,-45.5608582199744,0.99
Obj_8,61.0636719954582,-48.164138069067,0.99
Obj_1083,60.5867009609247,-48.5022897490127,0.99
Obj_2753,53.5648184241087,-28.8187740893684,0.99
Obj_1140,264.479539238318,66.5779931578969,0.99
Obj_1345,271.60596984041,66.5213916167037,0.99
Obj_688,265.110908696978,65.8147947587804,0.99
Obj_1898,269.586911951481,63.784456174187,0.99
Obj_691,51.2022193508469,-27.2213067180925,0.99
Obj_1963,64.8776949758869,-47.0276070159575,0.99
Obj_1160,269.380953384444,64.6101322434891,0.99
Obj_2042,61.9240674062869,-46.7168018045855,0.99
Obj_1754,56.1800124895707,-49.0308574057719,0.99
Obj_1503,52.5886634932027,-27.9356195137684,0.99
Obj_1356,54.4173714849463,-27.4701453640567,0.99
Obj_878,62.9809282345918,-45.5681681382914,0.99
Obj_979,53.4183698148518,-27.5378113609663,0.99
Obj_892,272.25534320579,66.8946800767277,0.99
Obj_316,52.2397810339089,-29.7272562250987,0.99
Obj_1718,270.283424801672,64.5891872988272,0.99
Obj_573,56.8732862730009,-48.8110643485087,0.99
Obj_99,53.1225970387825,-28.61271147182,0.99
Obj_21,267.073381988154,68.1598254756067,0.99
Obj_911,59.4901271617383,-47.3420409319537,0.99
Obj_433,51.9907114196752,-26.5764648105164,0.99
Obj_971,60.3427825566937,-47.2569956079553,0.99
Obj_1081,62.1144925590913,-45.9800786037252,0.99
Obj_542,60.2976032379242,-47.4200795879995,0.99
Obj_1737,56.6883437611825,-50.1170034539513,0.99
Obj_991,63.9731298861321,-46.5585330601853,0.99
Obj_422,60.829634523085,-46.6222906471767,0.99
Obj_544,60.9361990662394,-48.0579290920874,0.99
Obj_501,54.578413601479,-29.5016057674028,0.98
Obj_1584,265.066011699697,65.8145970111799,0.98
Obj_2861,61.2533649762729,-46.4246939681903,0.98
Obj_2244,273.255369660969,65.8251124637426,0.98
Obj_2137,266.268936017139,66.1026576009921,0.98
Obj_19,274.293718568196,68.4276587362234,0.98
Obj_527,271.194623202416,66.0334012577661,0.98
Obj_41,53.3795065959681,-26.2020935223305,0.98
Obj_42,270.144316001029,65.5591552275846,0.98
Obj_80,52.7545702027687,-27.4734546614824,0.98
Obj_564,266.282596716636,65.8075306475631,0.98
Obj_995,66.1759717379097,-47.173026388562,0.98
Obj_136,55.6938231019445,-49.3164029849153,0.98
Obj_961,60.0002381636464,-49.0433549341005,0.98
Obj_750,274.748146096303,64.3429749791492,0.98
Obj_1008,66.1321591449879,-48.1824908440078,0.98
Obj_192,63.2421695598219,-49.2361523369151,0.98
Obj_122,266.863704334702,63.2336551577661,0.98
Obj_1710,55.7038666006923,-48.9102314821939,0.98
Obj_2380,62.8914102401464,-49.3804452671529,0.98
Obj_796,57.1905520511719,-47.797300451595,0.98
Obj_795,65.8979142341439,-48.7958644586936,0.98
Obj_811,52.9107002418982,-27.0993740350993,0.98
Obj_1575,270.177803628968,63.3926824011758,0.98
Obj_1719,265.560077598395,64.5667952451846,0.98
Obj_2460,59.6105301790164,-50.4088452557625,0.98
Obj_799,63.5681262561213,-48.1945278552566,0.98
Obj_1251,63.3498034068237,-47.9939547002431,0.98
Obj_1006,62.7582051284767,-46.8134389531566,0.98
Obj_258,267.088391776899,65.9399089848318,0.98
Obj_95,53.4545276834092,-28.6322356049937,0.98
Obj_2568,272.076026447142,65.3600617516181,0.98
Obj_503,53.9542028899432,-26.4561432404903,0.98
Obj_476,270.359596604339,68.3062114644552,0.98
Obj_1703,61.0126533221691,-48.0120001371476,0.98
Obj_2763,275.041592429706,65.4480319685212,0.98
Obj_3203,270.268164952489,65.0017671469263,0.98
Obj_876,63.0353127781024,-46.9812965326599,0.98
Obj_904,64.1275217684453,-48.5672866693551,0.98
Obj_2132,268.254643349433,67.7628787191607,0.98
Obj_191,271.696028610204,66.6486370735559,0.98
Obj_2769,54.5383049983814,-26.9191336836468,0.98
Obj_1023,65.3786456585964,-45.8760964825892,0.98
Obj_383,53.0696095885275,-28.1016903478556,0.98
Obj_962,66.9381070599073,-48.1728047886517,0.98
Obj_1705,62.2290310385968,-46.3082220219683,0.98
Obj_493,62.7884696198728,-48.6531150451695,0.98
Obj_590,53.2802534250565,-28.7487883087978,0.98
Obj_376,60.9220763365201,-50.663522808835,0.98
Obj_561,52.9001496230164,-27.7247847773228,0.98
Obj_1846,55.0043987888049,-28.1535035537035,0.98
Obj_1473,266.626678151225,65.3234779273076,0.98
Obj_825,56.6649526069663,-48.4646134155799,0.98
Obj_835,51.1577675539374,-27.2637668163846,0.98
Obj_831,54.5488777154033,-29.1392340310894,0.98
Obj_586,265.459181869023,65.3562602861569,0.98
Obj_371,60.5641306091531,-48.9895441299976,0.98
Obj_445,56.8739513965697,-50.6557147946948,0.98
Obj_1280,269.115214297196,65.6233980586565,0.98
Obj_287,62.4442862394437,-47.3156748025228,0.98
Obj_7,60.9131970174914,-47.0919164146478,0.98
Obj_808,52.2044474417854,-27.7604748693226,0.98
Obj_1211,65.5968774153343,-48.9619444380316,0.98
Obj_576,262.859255244598,65.4753713231941,0.98
Obj_3088,273.815441374349,64.1409289496293,0.98
Obj_3191,262.728790320519,65.439805840621,0.98
Obj_166,57.3677895050925,-48.195513395371,0.98
Obj_1491,57.9274375115468,-47.6660827438469,0.98
Obj_359,273.943588115866,68.4382426211164,0.98
Obj_1786,55.7689362435,-48.9303488732405,0.98
Obj_1809,60.3949442506443,-47.5172523354724,0.98
Obj_1111,270.72131195681,64.8538580104327,0.98
Obj_1854,65.3187348557607,-47.9577165191676,0.98
Obj_1850,62.8154820278847,-46.9379250309126,0.98
Obj_366,56.8128170400815,-49.7546042247489,0.98
Obj_1706,60.1142966872552,-46.9559467793853,0.98
Obj_1717,266.8347913695,64.8442384263319,0.98
Obj_1487,56.0124866626116,-49.6933580443359,0.98
Obj_1164,271.108398569383,63.5544007590054,0.98
Obj_1889,270.159100164913,67.2061695116956,0.98
Obj_377,64.5448729103791,-47.6582346739383,0.98
Obj_1389,66.3719147768721,-47.5458950858475,0.98
Obj_682,62.4783012225682,-46.5034222043499,0.98
Obj_855,58.1123930520947,-47.7678756210577,0.98
Obj_1555,52.7084676908742,-26.2953075077727,0.98
Obj_1417,51.1089339827297,-26.9473584745157,0.98
Obj_1388,60.1726213199176,-49.9840360031217,0.98
Obj_2056,54.6963139048197,-28.1856609075429,0.98
Obj_2054,53.0051629422814,-27.1635359936734,0.98
Obj_2082,267.943760529989,68.4534820475979,0.98
Obj_1821,52.2265275361028,-28.1687711924521,0.98
Obj_1929,63.1982522506445,-46.7145792024276,0.98
Obj_2036,265.282563068202,64.1775914853987,0.98
Obj_1142,53.4921380910333,-29.7605487426614,0.98
Obj_1426,58.5105918346088,-51.3443194615416,0.98
Obj_1222,59.4170677021215,-50.0974450179254,0.98
Obj_1922,265.644275066815,67.8619561305008,0.98
Obj_1885,53.5143663175365,-29.6109283731427,0.98
Obj_1039,51.2386655521334,-29.0046242957591,0.98
Obj_636,264.837808125528,64.9962375514143,0.98
Obj_714,53.912980411812,-28.1990564541925,0.98
Obj_639,266.19769716432,65.437102508805,0.98
Obj_1330,62.2198478893297,-46.1893306700269,0.98
Obj_1360,59.1697513708152,-47.102883077768,0.98
Obj_2086,63.588368368884,-46.0103124668446,0.98
Obj_1545,60.730349811683,-46.1905920745568,0.98
Obj_1390,66.8187248812743,-46.9518859782217,0.98
Obj_1526,275.267515718672,65.1352960176182,0.98
Obj_635,61.8098412409253,-48.4186109061921,0.98
Obj_1699,62.8236501961482,-49.6690461980288,0.98
Obj_1760,66.9576746044205,-47.5278456724684,0.98
Obj_1372,61.3002654097326,-49.492765538183,0.98
Obj_1412,54.0093701390397,-28.5413526466141,0.98
Obj_1951,53.9770105866825,-26.820761155615,0.98
Obj_1930,60.3327681982828,-51.1085550454572,0.98
Obj_1915,59.6786053060097,-46.8201855363543,0.98
Obj_1973,52.4833960631014,-26.3671663732038,0.98
Obj_2074,63.1854525909554,-47.7641898440458,0.98
Obj_1419,51.0900125884117,-27.4056911533838,0.98
Obj_1379,264.167137536874,67.2337519648435,0.98
Obj_2964,273.581515679512,64.1757856960013,0.98
Obj_322,272.17597227557,66.1045620633032,0.98
Obj_283,268.27476028129,64.4360323343643,0.98
Obj_1021,51.3195362180794,-28.7184911928152,0.98
Obj_1279,54.9036410771292,-27.9040701458248,0.98
Obj_1658,267.606489948416,64.6046721154698,0.98
Obj_727,61.38890586243,-48.8418696933048,0.98
Obj_2691,62.9179780149556,-46.5608359326533,0.98
Obj_2491,52.7449673450955,-28.9621820565225,0.98
Obj_2509,64.9522870651733,-46.4907431000883,0.98
Obj_228,263.366249417628,65.571669650177,0.98
Obj_2614,64.7049903049469,-48.9336471962911,0.97
Obj_3012,57.1615346250511,-47.8130301131082,0.97
Obj_2984,62.4183592866943,-49.815517761631,0.97
Obj_1641,265.902005530344,66.6090856933181,0.97
Obj_254,64.8396916647567,-45.9154136670644,0.97
Obj_2504,268.098568162728,67.8893860491446,0.97
Obj_2507,57.6367118506026,-48.6891131616946,0.97
Obj_2710,60.5946949322843,-47.0868240294859,0.97
Obj_2689,64.315297268991,-47.3480745689565,0.97
Obj_1616,270.606773781371,63.8790971448446,0.97
Obj_1250,51.6709041893179,-28.8190136117627,0.97
Obj_1245,61.4054504758652,-50.7171024700525,0.97
Obj_1244,57.0821487480636,-49.5839871907737,0.97
Obj_477,266.682241690049,64.2856950235039,0.97
Obj_3148,266.601497246871,66.4682111019386,0.97
Obj_3165,66.7536168643277,-46.6302592806887,0.97
Obj_251,62.9304480694813,-49.2621474290778,0.97
Obj_278,53.1128393376281,-29.5963055623601,0.97
Obj_276,59.1732876462158,-49.5644803544916,0.97
Obj_282,270.29983513085,64.3338716286973,0.97
Obj_348,272.231578441833,66.1168495452199,0.97
Obj_1394,53.5778531655278,-29.888218288613,0.97
Obj_1421,63.2112604887433,-46.5254519296174,0.97
Obj_1334,63.7761565478889,-49.4025111710921,0.97
Obj_2024,55.5950763915618,-48.5681012326104,0.97
Obj_2027,63.4343561625704,-46.6798907826693,0.97
Obj_1357,269.423777092323,67.0405563111775,0.97
Obj_1365,62.2737106712045,-46.8214682922753,0.97
Obj_1179,60.9732408450514,-47.454064745671,0.97
Obj_1513,64.8321936979517,-47.9709131134136,0.97
Obj_1484,61.9130787128186,-48.4063839656225,0.97
Obj_1480,55.429436987273,-48.5925631516882,0.97
Obj_1477,66.122026552451,-47.8612309155029,0.97
Obj_2038,54.1303618445617,-28.1321394981796,0.97
Obj_1523,62.4577194225584,-47.3503202592836,0.97
Obj_1449,60.1152871780756,-47.0990062337372,0.97
Obj_1493,275.930246698637,66.9043511856106,0.97
Obj_1914,52.0102656650373,-28.7356956275947,0.97
Obj_1890,267.181611979672,67.6976179686606,0.97
Obj_2051,61.1641488776264,-46.2033681310908,0.97
Obj_2075,59.325907358252,-47.4092591279472,0.97
Obj_1968,63.0339086111889,-46.8219735243792,0.97
Obj_1920,263.906705710505,66.7732064702789,0.97
Obj_1913,62.0212695353331,-45.8503017565111,0.97
Obj_1896,54.3279047906291,-27.0038658937434,0.97
Obj_2090,51.4189286206366,-28.2781229934002,0.97
Obj_1842,265.984228003829,66.565855142517,0.97
Obj_1836,52.0105174118288,-28.1014292471722,0.97
Obj_901,268.717117414377,65.2305811894995,0.97
Obj_1536,273.052029957711,68.2347204953192,0.97
Obj_1548,263.438484370172,66.505181788897,0.97
Obj_1369,61.6074848162396,-46.8366409537675,0.97
Obj_1405,266.6365278592,65.3671040584735,0.97
Obj_1339,60.8054169636854,-48.3486621949023,0.97
Obj_1158,269.299492430537,67.3962565887218,0.97
Obj_1203,63.7576362854377,-46.6168993224535,0.97
Obj_1207,61.3003411529207,-47.4181705106002,0.97
Obj_692,268.586154587853,66.872429309401,0.97
Obj_684,60.3570222906617,-50.0837583226611,0.97
Obj_668,270.402913119543,66.2606433812491,0.97
Obj_452,272.072309553079,64.6184971587776,0.97
Obj_1225,54.9292213105598,-28.6634836955776,0.97
Obj_1178,56.734803592353,-49.4551340040998,0.97
Obj_1918,57.9115754164698,-50.861908212381,0.97
Obj_1923,265.116335292024,67.6143675160661,0.97
Obj_1831,65.650429429047,-48.548150075122,0.97
Obj_1062,272.183643301029,66.9531150090802,0.97
Obj_1052,53.5349067938739,-29.8494996251701,0.97
Obj_1129,273.417595623184,64.3079385445628,0.97
Obj_658,64.1912136165688,-47.2043700388978,0.97
Obj_935,58.4253719266231,-48.9905442627954,0.97
Obj_951,271.321763686685,64.4714905166202,0.97
Obj_1029,268.712253301339,66.1374955913177,0.97
Obj_1136,53.5364959829503,-26.7692521596366,0.97
Obj_863,53.7404940914502,-26.2815836282467,0.97
Obj_1814,274.601278869903,67.1515351140814,0.97
Obj_1883,60.0274424533198,-48.8995316469877,0.97
Obj_1957,61.0781004833596,-47.5963116591567,0.97
Obj_313,56.3370841867244,-48.9466278823364,0.97
Obj_400,53.5907384395571,-28.3467072598675,0.97
Obj_1856,57.7440625867879,-48.0757988288584,0.97
Obj_1853,61.8621882015443,-47.8215077341726,0.97
Obj_717,275.410720287014,66.1750129961962,0.97
Obj_715,274.427572538709,64.6699802069814,0.97
Obj_1024,63.9591080429219,-45.9903991938465,0.97
Obj_932,60.9104333696824,-49.2707505257285,0.97
Obj_1527,270.577459258881,65.3243417821844,0.97
Obj_867,64.3767536632829,-47.0606162793148,0.97
Obj_868,52.9475593070555,-29.7975353906962,0.97
Obj_1123,62.2296722789945,-49.80292209674,0.97
Obj_1060,266.047647589747,66.2171011313882,0.97
Obj_647,265.227499451226,67.6641457519797,0.97
Obj_637,273.323177236217,67.795550107495,0.97
Obj_441,61.274168931543,-47.7440533121997,0.97
Obj_396,65.6045782098601,-46.8371828552075,0.97
Obj_368,61.7021571649911,-47.5391625989108,0.97
Obj_617,272.249732272418,64.6745889192781,0.97
Obj_138,59.7598784953176,-46.5517368217209,0.97
Obj_2736,60.5911964889663,-48.1697839002747,0.97
Obj_1074,59.472939167153,-47.0908081490757,0.97
Obj_178,56.5893037707149,-50.5245708997584,0.97
Obj_204,63.1066048968606,-45.70843824303,0.97
Obj_1054,65.8529015801211,-48.9796316008809,0.97
Obj_1121,63.3741564088885,-45.3827714652847,0.97
Obj_1120,52.1680737324435,-29.9753600853744,0.97
Obj_1094,63.7909769792293,-47.1409362051581,0.97
Obj_1762,62.0208227623924,-48.170713878201,0.97
Obj_1779,53.6944606314858,-28.4555688513456,0.97
Obj_1027,52.6232666358747,-26.1602123629992,0.97
Obj_982,51.1017238791045,-28.3548674007314,0.97
Obj_999,267.149235094659,65.3331532980778,0.97
Obj_2782,61.8765178060379,-49.1230416972914,0.97
Obj_120,268.523824105635,64.1195110332929,0.97
Obj_356,63.4586222941969,-47.2380033895007,0.97
Obj_373,59.2827104421538,-47.2592719228767,0.97
Obj_1307,52.0090567074006,-29.495056107387,0.97
Obj_1299,269.573743100098,63.7862988126511,0.97
Obj_762,63.0416773425783,-47.3330092300662,0.97
Obj_2271,62.4733858007227,-49.9976068865464,0.97
Obj_2281,54.1505923677232,-29.556189984287,0.97
Obj_3183,65.8864323197935,-48.3409560306413,0.97
Obj_215,52.6262529446787,-26.7367583582194,0.97
Obj_156,62.884477017863,-46.1146160095199,0.97
Obj_2235,54.0999674862933,-28.6384392192275,0.97
Obj_2182,271.735879535063,64.2566834534189,0.97
Obj_2186,270.882711911578,65.9138674694823,0.97
Obj_40,270.783811028477,63.9538766882855,0.97
Obj_70,268.255087210913,63.8746838136806,0.97
Obj_29,51.2171826053258,-28.6100639101706,0.97
Obj_504,271.960772371026,65.504348178362,0.97
Obj_44,262.5219626938,65.8470772079912,0.97
Obj_53,58.9558303604102,-47.2042917270491,0.97
Obj_523,263.449644165663,66.0607059829632,0.97
Obj_591,52.7084558803054,-27.6681109462718,0.97
Obj_3092,52.2649359721619,-26.481408467358,0.97
Obj_266,54.5507694065338,-29.5204832791257,0.97
Obj_1007,63.6170456528479,-47.8596680516475,0.97
Obj_1775,267.920336423968,65.600386924257,0.97
Obj_1733,60.4525991307927,-46.9065494147018,0.97
Obj_1611,267.288216928689,64.1068196496492,0.97
Obj_976,267.195058401894,65.3340044333463,0.97
Obj_2238,61.7448259667913,-46.6051169934685,0.97
Obj_2401,272.456002874062,66.064347289488,0.97
Obj_2374,271.044646292982,67.4982421528468,0.97
Obj_506,272.302393735174,64.4287793459445,0.97
Obj_1659,266.722917468567,63.5795416023199,0.97
Obj_2547,60.8370440046002,-50.4363492810747,0.97
Obj_260,271.572731629133,68.5307155506012,0.97
Obj_333,60.2422611624523,-48.1772350046684,0.97
Obj_353,53.1022283149026,-27.9119825017094,0.97
Obj_1261,53.0007244630888,-28.2831144165456,0.97
Obj_1618,265.395747046767,65.9811904431034,0.97
Obj_1596,60.2530814569075,-49.3828343322148,0.97
Obj_1579,267.371966881423,67.7798420220412,0.97
Obj_2983,57.0436936137007,-50.5662967876821,0.97
Obj_1625,62.459726254533,-49.730175712143,0.97
Obj_2968,65.9568953282988,-47.7242462950755,0.96
Obj_3143,267.107502903711,66.6088355255909,0.96
Obj_338,65.2252587747289,-48.2160663588234,0.96
Obj_344,264.207530945375,65.0567835638519,0.96
Obj_2940,61.8905348293423,-49.2303968568131,0.96
Obj_1651,52.1340176213538,-29.8745275620191,0.96
Obj_1588,263.830717018997,64.7679171275056,0.96
Obj_2867,64.1892069419612,-48.6383994252596,0.96
Obj_3009,61.5335350901637,-47.0717980343384,0.96
Obj_446,63.7837050363478,-47.4173541170491,0.96
Obj_411,62.0856429949579,-49.430880169593,0.96
Obj_439,57.842184792751,-48.2777985495276,0.96
Obj_1309,58.9344903088503,-47.0920317446533,0.96
Obj_1281,64.6535870138574,-47.3176213112937,0.96
Obj_1308,63.7577615792717,-47.9251815656416,0.96
Obj_36,52.3416928779721,-28.9169637996436,0.96
Obj_532,265.898620511629,64.5761101715285,0.96
Obj_600,56.6618700181411,-50.3371178971907,0.96
Obj_588,274.470813132298,67.6272069156409,0.96
Obj_1277,55.0179961755873,-27.9589731314322,0.96
Obj_482,63.815462471401,-47.1384849838632,0.96
Obj_478,267.649873370586,67.7346812629424,0.96
Obj_1297,266.76360225837,63.1757795768146,0.96
Obj_1326,275.259430841635,66.762772135452,0.96
Obj_1295,52.9960608352458,-28.0761265019988,0.96
Obj_1143,61.2055956616368,-46.2797951561066,0.96
Obj_594,268.885109399464,68.697364472531,0.96
Obj_528,271.232130080059,68.1797634485277,0.96
Obj_86,62.4107477633817,-46.7335592841733,0.96
Obj_56,62.0731956526837,-48.4975696929114,0.96
Obj_30,64.3348957676409,-48.2404156025332,0.96
Obj_47,272.198040118442,68.2810456704308,0.96
Obj_58,63.0064534583803,-46.0092500965624,0.96
Obj_611,264.352059831453,66.4298196687473,0.96
Obj_518,63.6310790525571,-47.7781272383965,0.96
Obj_389,51.4892077476968,-27.8489829626361,0.96
Obj_581,263.826370417683,66.2558646645268,0.96
Obj_534,265.769875229874,67.8602540170383,0.96
Obj_1870,267.664537417855,63.9753223629132,0.96
Obj_713,266.142889056145,63.9499879034881,0.96
Obj_454,268.071990605667,67.4782928498279,0.96
Obj_421,63.7283527996521,-47.9472685493837,0.96
Obj_1155,55.5579046313809,-48.4991927917912,0.96
Obj_1154,56.2806220154416,-48.6108536091669,0.96
Obj_1886,270.017411427193,65.7271036430655,0.96
Obj_1916,58.9518689143213,-46.9956245741174,0.96
Obj_1907,65.7602646771929,-47.3380212671527,0.96
Obj_1795,273.792353702996,67.4326667234481,0.96
Obj_1787,65.5903644168101,-48.6740874237475,0.96
Obj_1817,276.10019334184,65.4755696125577,0.96
Obj_1943,265.062595840289,64.0263482185411,0.96
Obj_1933,60.9067081216007,-49.417669723143,0.96
Obj_1799,53.2442899910999,-27.4398546671022,0.96
Obj_1820,268.317128751605,68.4282840516447,0.96
Obj_1206,64.0114276601727,-48.8122825328197,0.96
Obj_700,58.2513818506318,-50.9978642414249,0.96
Obj_699,61.7394539410183,-50.1820609579283,0.96
Obj_1144,59.6460787304129,-49.0537331258525,0.96
Obj_1936,63.136902759148,-47.560149439128,0.96
Obj_1888,267.035795353323,65.1930124674595,0.96
Obj_1960,63.9776155496421,-46.9602645914519,0.96
Obj_1974,271.772591237243,65.6544645524859,0.96
Obj_1884,63.4588161775595,-45.6403011305261,0.96
Obj_1956,56.9216210451441,-48.6966744612624,0.96
Obj_2039,266.847689130405,67.814478209891,0.96
Obj_2030,269.500869105819,63.7706743387195,0.96
Obj_1980,51.0383893050882,-27.0706696415967,0.96
Obj_1414,271.073197217922,65.8680523934585,0.96
Obj_1400,51.6419644434023,-28.8833333722041,0.96
Obj_1406,271.868964557105,64.4525294098777,0.96
Obj_1515,64.1805779184971,-47.9002058174747,0.96
Obj_1410,53.4736017846175,-27.2265125720138,0.96
Obj_1672,62.3757938272042,-48.0172213698978,0.96
Obj_969,61.6496457421294,-50.5510911309328,0.96
Obj_1328,55.6216323601474,-49.7059619314222,0.96
Obj_838,271.054307061988,68.0858825036709,0.96
Obj_915,266.866334959799,65.2222180067404,0.96
Obj_1071,62.7832138676367,-47.1593405374642,0.96
Obj_891,270.535025494039,64.1416937783632,0.96
Obj_848,64.6315142915422,-49.3651707780581,0.96
Obj_1064,267.693123991504,64.8948860016824,0.96
Obj_151,60.3358572607127,-47.2662212879675,0.96
Obj_1125,66.7709983450406,-47.8626318330882,0.96
Obj_1124,59.4916573202697,-49.1464518912304,0.96
Obj_997,268.462626934987,66.6879955888539,0.96
Obj_1688,61.9007770592593,-47.4215287626241,0.96
Obj_1694,264.791020659569,65.5713330638693,0.96
Obj_113,60.4801837402555,-50.9525750248559,0.96
Obj_112,62.1456305157809,-48.3636434258151,0.96
Obj_144,60.1116314130951,-48.3712234399032,0.96
Obj_2759,270.132324578303,65.5608034084664,0.96
Obj_2747,65.1972564216632,-47.8172277632792,0.96
Obj_3217,61.4322159970927,-48.7136667538874,0.96
Obj_149,65.5978874187765,-45.9689999419836,0.96
Obj_2174,58.3513540293606,-48.3166325986862,0.96
Obj_2166,57.0430672578213,-48.0093636878224,0.96
Obj_2114,61.2680252629508,-47.277872226767,0.96
Obj_2105,59.8691688938084,-49.7332215931764,0.96
Obj_2124,53.6774837451279,-29.4887862904046,0.96
Obj_928,62.4405757269803,-48.4563691933732,0.96
Obj_1010,57.4966172624937,-49.1701480920303,0.96
Obj_967,63.7202315778668,-47.3550961931434,0.96
Obj_1728,270.59297618696,66.163053132819,0.96
Obj_1773,267.52275894251,67.1649358065455,0.96
Obj_785,267.225756901532,66.3288589683606,0.96
Obj_734,263.903706262748,66.7223041212016,0.96
Obj_2327,265.335124276528,65.0082278283745,0.96
Obj_2369,64.6425585191653,-48.1721515901603,0.96
Obj_2283,62.1967214944141,-48.9980741293455,0.96
Obj_168,60.1128394527987,-50.2039193039084,0.96
Obj_115,275.766162682061,65.1546712531332,0.96
Obj_2440,51.0548476461768,-28.4732818062504,0.96
Obj_2388,65.7226210062835,-47.5175396889529,0.96
Obj_3115,63.9718695602667,-48.0072228661293,0.96
Obj_187,272.214186539463,65.9025980539859,0.96
Obj_731,266.933414296697,68.2387159035983,0.96
Obj_741,58.2752977361209,-50.8279712490013,0.96
Obj_2497,266.371011682351,65.9806397995764,0.96
Obj_2852,274.30184505166,68.4593695873873,0.96
Obj_1621,270.466548374601,68.4094038001555,0.96
Obj_1662,52.7525799482853,-26.1368544876164,0.96
Obj_987,268.568406368251,66.3208784519671,0.96
Obj_1640,270.301008814948,64.0145737959864,0.96
Obj_1612,267.294431841402,67.8920267842497,0.96
Obj_255,53.1547232292024,-26.2444331125844,0.96
Obj_2638,270.091208744867,66.0569344811988,0.96
Obj_346,271.259075397012,64.4311330153352,0.96
Obj_238,58.4563652190601,-48.0623695092374,0.96
Obj_2576,53.5933587474324,-28.2528862113306,0.95
Obj_2652,268.829329622735,66.8981834347883,0.95
Obj_1087,267.602580714239,68.0562915952427,0.95
Obj_1732,56.7139858690953,-48.2665643165411,0.95
Obj_1428,268.549989989706,68.0620712754526,0.95
Obj_3030,59.5234158201844,-50.522923204207,0.95
Obj_3031,59.8944517578351,-47.3629201787037,0.95
Obj_841,271.372932551554,65.8464528939649,0.95
Obj_733,64.4789530324646,-46.4787795040944,0.95
Obj_1759,60.5898004302778,-50.7483567274524,0.95
Obj_1723,267.221950808778,64.8061979532667,0.95
Obj_1639,265.809266688894,66.7172825960929,0.95
Obj_1660,52.4554703290276,-26.5040645422885,0.95
Obj_1684,53.8277574610142,-28.7210076625514,0.95
Obj_2444,270.92917463998,64.7016298837476,0.95
Obj_769,59.0090196548222,-49.4767076214583,0.95
Obj_499,270.597271940041,64.8764979662084,0.95
Obj_1256,270.13379360649,64.0134156007083,0.95
Obj_2437,273.715922953507,66.4547611671175,0.95
Obj_416,58.1411275740939,-48.4412160529589,0.95
Obj_2390,64.0591054307143,-48.1918883342532,0.95
Obj_3130,268.188067138742,68.0755047087034,0.95
Obj_3108,52.1542681208021,-26.24537656456,0.95
Obj_101,62.5386956396401,-48.032064050656,0.95
Obj_817,270.16423355047,67.5337305060121,0.95
Obj_1314,276.265430952974,66.5727136599981,0.95
Obj_1753,58.6605896835571,-47.4700768758005,0.95
Obj_662,62.6406171011044,-46.8283441470444,0.95
Obj_664,273.624709285187,64.5683625094621,0.95
Obj_1153,63.4400865285357,-46.3672558461668,0.95
Obj_1163,51.9603888723172,-27.0642877220599,0.95
Obj_633,57.2789962108442,-47.9576407060604,0.95
Obj_2545,62.1113477304163,-46.3235397437092,0.95
Obj_990,64.3348907295414,-45.6779760231241,0.95
Obj_704,60.0450972020445,-48.9420932190714,0.95
Obj_686,57.0188837668439,-49.7865622621138,0.95
Obj_632,60.6402610426454,-49.6437053331876,0.95
Obj_2517,53.536174894086,-29.564757730884,0.95
Obj_765,59.5070261104826,-46.8807767532827,0.95
Obj_792,61.6260154401388,-48.0206562075867,0.95
Obj_781,267.937940263331,67.9599797478224,0.95
Obj_2160,58.770444746251,-49.4939989680917,0.95
Obj_2229,56.3812394254968,-50.001793292874,0.95
Obj_1798,263.118414676163,65.8476416539938,0.95
Obj_1474,264.489251588192,65.1760077812535,0.95
Obj_2258,58.5229465651643,-50.5555197018034,0.95
Obj_2004,52.8239512264443,-27.1576751711375,0.95
Obj_1337,57.5674023516074,-48.1981351872818,0.95
Obj_1355,54.0219035869055,-26.4259110271925,0.95
Obj_1932,57.4753810000019,-50.5727746662007,0.95
Obj_1946,265.1539468155,66.921441291987,0.95
Obj_1875,59.4449310620592,-47.2168352516431,0.95
Obj_2055,270.92482262236,65.9557333781059,0.95
Obj_2073,64.5575765382184,-48.0047004841905,0.95
Obj_2070,55.5923623548246,-49.5445397224113,0.95
Obj_1979,53.1879319393191,-28.5622797952563,0.95
Obj_2078,61.4458246671304,-48.3794769514187,0.95
Obj_884,56.197604123914,-49.129967583078,0.95
Obj_856,57.950115812981,-50.9624186422085,0.95
Obj_1585,269.191602015712,66.2851219929958,0.95
Obj_958,62.0592745030378,-49.6040397057605,0.95
Obj_242,63.4507069029229,-47.3822945893481,0.95
Obj_2915,274.012769408192,68.5342880441799,0.95
Obj_3046,61.2489859253582,-47.2828011624234,0.95
Obj_2941,63.9089888231727,-48.8923809959145,0.95
Obj_102,63.2188263588426,-47.459698588756,0.95
Obj_1567,64.4658892552138,-45.5273814700696,0.95
Obj_2649,56.4188044690265,-49.1748706181818,0.95
Obj_872,61.245129329061,-46.4166725354466,0.95
Obj_2013,65.6869280279859,-48.6087995381678,0.95
Obj_2043,59.8625427703799,-50.7832512730473,0.95
Obj_3205,60.7695232729313,-47.0017533688724,0.95
Obj_2761,61.417485995096,-47.1994346630888,0.95
Obj_2246,268.31650674739,65.7152602459875,0.95
Obj_2209,58.1964475387288,-48.218957837365,0.95
Obj_2291,54.1988404006877,-26.5044398073377,0.95
Obj_392,63.423414143116,-47.1083913168156,0.95
Obj_607,62.6624718070667,-45.6749020971472,0.95
Obj_562,266.527215242471,64.0435262409033,0.95
Obj_2286,268.509241184428,65.080387318657,0.95
Obj_286,61.3929454047916,-47.3764340181185,0.95
Obj_304,51.9667380696327,-27.0280952419982,0.95
Obj_201,53.2784587744607,-28.893410404081,0.95
Obj_169,63.9386411153123,-49.8738823453466,0.95
Obj_372,65.5313610099385,-47.2879045925042,0.95
Obj_404,53.859529068876,-27.8163219866883,0.95
Obj_1843,268.715172325785,68.322823291013,0.95
Obj_403,51.5990096269148,-26.8988132261742,0.95
Obj_105,61.3333623585458,-50.3043173634464,0.95
Obj_13,51.3902970118018,-29.233320744497,0.95
Obj_2275,262.416273645227,65.8672668394364,0.95
Obj_413,62.9118775359873,-47.984186959584,0.95
Obj_1504,53.0101068631497,-26.6772898833941,0.95
Obj_862,269.633630808092,67.0000674207805,0.95
Obj_33,66.4002686544653,-46.9466862786535,0.95
Obj_68,52.28658569791,-26.5193612991244,0.95
Obj_572,59.0206695094031,-46.8726153850647,0.95
Obj_822,61.8247443708688,-49.4856173802685,0.95
Obj_827,51.5595674706953,-29.7855362830364,0.95
Obj_193,64.519408818064,-48.8535515953544,0.94
Obj_814,53.0323115313016,-29.5478008005078,0.94
Obj_2824,56.6741707153811,-50.0678518943157,0.94
Obj_432,53.4121514713117,-29.117006908018,0.94
Obj_1298,270.845215177609,65.91462143068,0.94
Obj_209,264.200723563767,67.4557518016359,0.94
Obj_1619,272.219517831826,65.7875496502856,0.94
Obj_1586,274.236524093787,65.4333597507614,0.94
Obj_1489,59.9027773767198,-50.3849101014004,0.94
Obj_2609,61.635639578475,-48.4817963503013,0.94
Obj_2639,55.045789514183,-28.9655753928126,0.94
Obj_829,58.7899572437128,-50.1800876492807,0.94
Obj_2897,54.9343907658689,-27.8145016201843,0.94
Obj_2768,275.057154633847,65.7269499150449,0.94
Obj_2203,65.4192736025854,-46.4274246190745,0.94
Obj_1792,50.6871559687021,-27.64928224574,0.94
Obj_1373,58.8928108480796,-51.3793957103268,0.94
Obj_2017,62.9969515066439,-49.3866522579735,0.94
Obj_2744,61.8599571355395,-48.5978632564985,0.94
Obj_1807,53.2586780785137,-29.7258331591923,0.94
Obj_381,267.402773709515,63.6414382197753,0.94
Obj_46,52.9888360320841,-26.1752357951097,0.94
Obj_6,61.3966791011842,-49.7431762344804,0.94
Obj_549,58.6792219239931,-48.2334653324897,0.94
Obj_54,54.2778126744643,-29.239135319891,0.94
Obj_69,266.177131698461,63.8218948476489,0.94
Obj_2303,61.224875733708,-46.1224445109995,0.94
Obj_164,61.4447383859116,-50.371890296169,0.94
Obj_118,51.0392930917469,-26.7657462749386,0.94
Obj_367,58.1021177745456,-48.5433096743409,0.94
Obj_2269,51.0694301249171,-26.8142672290341,0.94
Obj_2298,54.143449211511,-27.7920018905307,0.94
Obj_2254,267.860389214828,67.7187168804976,0.94
Obj_300,65.9987474465792,-47.2671705460603,0.94
Obj_1855,59.0973461002907,-47.1783684963988,0.94
Obj_1848,268.988784753652,67.2105598197844,0.94
Obj_2150,56.2217680167631,-48.9979991325922,0.94
Obj_190,270.929883459169,66.0656346461338,0.94
Obj_1020,272.641465096857,64.390212529583,0.94
Obj_3068,64.9625401053326,-48.6015516102909,0.94
Obj_1185,270.855657430853,68.6607525813754,0.94
Obj_1194,264.995103337842,64.2082941757089,0.94
Obj_996,59.4361840916145,-49.5222035435171,0.94
Obj_1714,60.7603550842742,-46.3766154639321,0.94
Obj_1708,62.2400288726422,-49.9657929331229,0.94
Obj_1000,270.182258690602,65.1848587998805,0.94
Obj_1002,264.493774886475,64.7149409081644,0.94
Obj_1739,57.5201361636085,-50.7385194384663,0.94
Obj_1519,58.5495103738663,-49.8223159363766,0.94
Obj_1329,52.2495396173571,-30.3693221114749,0.94
Obj_1112,51.9009312471774,-28.2547325377575,0.94
Obj_1135,52.9433936546231,-26.0758144550871,0.94
Obj_1095,66.0129132245825,-48.2361571097348,0.94
Obj_1707,56.2428546898265,-49.4384661691165,0.94
Obj_1213,272.714581595177,66.6459554489264,0.94
Obj_1241,62.5327664460094,-48.5964336852468,0.94
Obj_1197,52.3777550283591,-28.525307285561,0.94
Obj_1204,55.7840970099877,-48.544704761066,0.94
Obj_1554,265.742022728142,67.3772985354838,0.94
Obj_1285,65.9925172544018,-47.6960485682764,0.94
Obj_1751,272.293488084225,68.2409080352089,0.94
Obj_1205,65.0459342501506,-47.7536611675347,0.94
Obj_179,268.423033415093,63.2714706690038,0.94
Obj_1538,56.8886571346622,-48.9287684692125,0.94
Obj_722,63.1063217568217,-47.2377608448826,0.94
Obj_2294,55.6439608662963,-48.6713911397723,0.94
Obj_5,54.9913948188221,-29.0009888191538,0.94
Obj_1557,269.450856711104,66.8342251860575,0.94
Obj_2885,52.2784857907401,-29.5412988639924,0.93
Obj_836,266.329742756333,67.2040354261262,0.93
Obj_180,265.52933024611,64.4581593003002,0.93
Obj_1102,61.5301967097977,-49.2561369542531,0.93
Obj_417,269.950832056982,65.204717297763,0.93
Obj_461,57.7434773347284,-48.7073443087018,0.93
Obj_621,58.2553729099157,-50.3694583171945,0.93
Obj_693,264.604068265621,64.976570836308,0.93
Obj_1266,53.5933286408768,-28.9666834255195,0.93
Obj_492,57.3956221164106,-48.4585519608659,0.93
Obj_1218,59.9022343649368,-46.5698859131586,0.93
Obj_2836,61.5163987669558,-48.323574476293,0.93
Obj_1210,58.0877000602629,-49.8395326306863,0.93
Obj_3049,59.8080666501009,-51.1421846966461,0.93
Obj_1168,272.562739874174,65.6399173900908,0.93
Obj_1159,271.757582664937,67.9411181370885,0.93
Obj_1226,63.5701761578332,-46.4611914706944,0.93
Obj_2546,267.355669414984,65.0977302336248,0.93
Obj_3025,273.042562514307,65.7542532007261,0.93
Obj_2791,264.173870521059,65.164701446458,0.93
Obj_2514,59.5279546416915,-51.3163063726423,0.93
Obj_2581,56.5451355891475,-48.5921437660231,0.93
Obj_245,54.2911473820436,-29.373140837001,0.93
Obj_2913,51.448035172995,-26.9789415360599,0.93
Obj_1068,272.512623739498,65.5387273347493,0.93
Obj_1735,63.9590475932365,-47.4896130774606,0.93
Obj_3042,52.5081413684014,-27.0017788252793,0.93
Obj_1333,60.4627871529605,-47.3273451014276,0.93
Obj_1471,267.65714261294,67.2431481477796,0.93
Obj_821,61.4426544947858,-47.3429317663026,0.93
Obj_1072,61.8067062026917,-45.830291085632,0.93
Obj_1670,269.623975739882,67.7739562172073,0.93
Obj_1770,63.9813182092044,-49.5846829447079,0.93
Obj_281,57.2585003617738,-50.2170043838483,0.93
Obj_1827,65.4369621204388,-47.8195943570879,0.93
Obj_172,59.1643705687561,-47.1983437488836,0.93
Obj_406,267.406851750936,63.818718802834,0.93
Obj_2278,276.166349819697,65.1624167791771,0.93
Obj_1082,61.4778408901303,-49.958320743528,0.93
Obj_393,56.8231236537705,-47.6952699381302,0.93
Obj_906,59.8512303161047,-48.9660109066231,0.93
Obj_587,53.8048778091274,-27.0835945589697,0.93
Obj_508,60.1409536164237,-50.0329191199569,0.93
Obj_480,63.5490872633369,-48.5397730542403,0.93
Obj_2329,60.2554793781043,-48.2505395829427,0.93
Obj_2285,268.148415497958,65.7514446970106,0.93
Obj_520,62.4398076810861,-46.244019380948,0.93
Obj_292,65.3965373969799,-46.8706190079958,0.93
Obj_1043,62.0893919915859,-46.2189147596817,0.93
Obj_1892,265.139387727521,66.4523417482264,0.93
Obj_1377,275.174385455085,67.4751424411246,0.93
Obj_3204,270.384533812492,64.7053980874896,0.93
Obj_141,56.8855382177707,-48.5661469545812,0.93
Obj_1988,52.7328938213112,-27.5654558063288,0.93
Obj_1953,273.382909288334,64.8262323316969,0.93
Obj_1823,272.987058924754,64.8194683764019,0.93
Obj_249,60.2159040896369,-48.2680275206184,0.93
Obj_3180,61.0333022401537,-50.0749077576897,0.93
Obj_2656,64.7074581074073,-47.2514776053587,0.93
Obj_211,266.984654972075,66.4363640799769,0.93
Obj_1623,62.9994442614108,-46.1955389752731,0.93
Obj_2921,60.2251274780327,-49.2093432584568,0.93
Obj_2920,53.6290736344597,-28.8757657791128,0.93
Obj_2966,267.003457224228,68.1276540522101,0.93
Obj_268,66.6573763669373,-47.7115482074378,0.93
Obj_223,58.2974570640589,-49.9019395163841,0.92
Obj_957,63.652453279015,-45.5434031631249,0.92
Obj_1116,53.9320590171067,-28.1848311435718,0.92
Obj_2629,60.7991947831281,-50.5079510166284,0.92
Obj_3155,268.548942073416,66.0273532580021,0.92
Obj_3132,60.6282101561378,-49.1223958717459,0.92
Obj_147,60.6522369922678,-51.0087885560869,0.92
Obj_161,265.391136848006,65.0190642802835,0.92
Obj_2016,64.9280558272271,-46.0040618226119,0.92
Obj_1928,272.923045093319,68.2524178893453,0.92
Obj_2048,51.2987418009156,-28.7217517636033,0.92
Obj_2757,64.9926864798808,-46.3147978400109,0.92
Obj_1108,63.0034845786783,-49.6677454345972,0.92
Obj_519,57.3083907824613,-47.7418252717216,0.92
Obj_365,65.1913930434664,-48.1602352904066,0.92
Obj_2107,57.3956057458194,-48.0729476847243,0.92
Obj_375,63.8245501617329,-46.19217062099,0.92
Obj_597,52.7657743496575,-27.5785642887169,0.92
Obj_2313,59.1392593544579,-50.0529342174869,0.92
Obj_11,61.7033559932782,-49.9555573632184,0.92
Obj_603,52.4890829508121,-30.3668710709591,0.92
Obj_510,58.6408982520702,-47.5157203914812,0.92
Obj_3089,62.1055638647826,-49.221738579486,0.92
Obj_2371,64.6236890961072,-45.5250063486494,0.92
Obj_1478,54.0556239566786,-28.9765812815362,0.92
Obj_1549,273.722730744556,66.3341076793542,0.92
Obj_213,53.385232073443,-25.9687798129148,0.92
Obj_1462,265.731493795868,64.6408812756319,0.92
Obj_1243,61.5660550586999,-49.9007161444299,0.92
Obj_2386,275.027071175071,66.830643958536,0.92
Obj_2421,61.8275009417783,-45.6844450726402,0.92
Obj_3128,61.5463192519944,-49.6332536900921,0.92
Obj_671,276.366867448698,66.2371035431286,0.92
Obj_793,53.0425319692748,-29.0975866855966,0.92
Obj_1192,264.279520847295,67.2735203788566,0.92
Obj_2515,267.696597544512,67.7920233241523,0.92
Obj_2709,52.4008428818654,-30.0463387609633,0.92
Obj_818,273.722693495962,66.3720486130748,0.92
Obj_1679,64.3689447173419,-47.6299606877012,0.92
Obj_1566,59.5110512129415,-48.7412088943761,0.92
Obj_1769,65.5542850040639,-46.6566063993919,0.92
Obj_1666,264.957838826705,64.8357706986744,0.92
Obj_1673,64.3006919846799,-46.3458162186367,0.92
Obj_3063,266.858775991684,66.1572134902005,0.92
Obj_1392,61.0604275055801,-47.7980195290271,0.92
Obj_1117,272.925818728554,64.2542292727498,0.92
Obj_1122,53.9520634013584,-29.7459227007144,0.92
Obj_2580,273.862123868932,64.1840422889324,0.92
Obj_240,62.129778860614,-49.7663982406269,0.92
Obj_267,62.070285195384,-48.0842792330023,0.92
Obj_352,267.33795990226,66.9934083931569,0.91
Obj_2989,66.4726218378119,-47.5029000530733,0.91
Obj_2898,268.261819560388,67.9450041999794,0.91
Obj_3005,52.2459983806581,-28.6604549240372,0.91
Obj_887,267.138400739326,67.3360641808025,0.91
Obj_2662,52.1908849909247,-28.6330620948004,0.91
Obj_2608,56.6251510076594,-48.430587941988,0.91
Obj_1059,275.323916897115,66.9178261878866,0.91
Obj_206,53.6409532020802,-27.4155543349311,0.91
Obj_1103,60.7952371254675,-48.8791896790434,0.91
Obj_1084,65.0737887160219,-46.3086878541588,0.91
Obj_1445,55.413663628591,-49.002674087458,0.91
Obj_3199,63.323918254713,-46.3841014454497,0.91
Obj_3216,57.0806552640812,-48.3357417425858,0.91
Obj_1935,62.2848244432556,-48.1505914440011,0.91
Obj_2076,62.9678060146763,-46.2725652306152,0.91
Obj_182,264.640777592332,64.5497899283712,0.91
Obj_116,271.496781201091,64.6031344534682,0.91
Obj_1712,51.6157464640906,-29.7990206009724,0.91
Obj_724,65.1106387185751,-46.8444137576999,0.91
Obj_409,61.4275561666021,-49.8736748147944,0.91
Obj_434,272.928132690152,64.3660659142922,0.91
Obj_43,53.149013278621,-26.8002098824042,0.91
Obj_1833,59.1809549515032,-49.7981686290261,0.91
Obj_1976,52.789152067022,-27.0254949015022,0.91
Obj_1940,61.8688153199092,-48.704809293149,0.91
Obj_140,63.25320805987,-49.2013733232701,0.91
Obj_2184,267.934572016897,67.2064058088533,0.91
Obj_744,59.937061679033,-49.6201002705858,0.91
Obj_815,51.7571779779512,-29.6802201863709,0.91
Obj_1283,59.2166979415419,-50.4992712724513,0.91
Obj_2708,63.6189379304853,-48.4217364180206,0.91
Obj_655,65.7725434745925,-46.7631795901909,0.91
Obj_937,51.9104207522969,-27.1270954325851,0.91
Obj_983,270.132099196102,63.7160279408639,0.91
Obj_1237,54.469389944809,-27.214854809973,0.91
Obj_1565,64.9954795367307,-47.8979261674188,0.91
Obj_1025,267.35258150742,66.189588223171,0.91
Obj_1652,62.3388776189044,-47.6069571535711,0.91
Obj_2187,64.531376622485,-48.182729190181,0.9
Obj_1269,53.2906263802663,-29.5300813799865,0.9
Obj_2040,59.7836942465756,-49.8010975083797,0.9
Obj_1791,268.365009799013,66.4816290658522,0.9
Obj_1255,270.742952673498,66.5801130601696,0.9
Obj_2740,64.989204683731,-47.3348817241325,0.9
Obj_1893,51.7131506952052,-26.5887610199672,0.9
Obj_2302,60.8425685953964,-47.0611549010931,0.9
Obj_1825,61.870919937724,-48.2133526732687,0.9
Obj_48,56.3915994023029,-49.6032768016184,0.9
Obj_49,62.5397096731475,-46.1101743468492,0.9
Obj_227,63.0361859732959,-47.0995332160406,0.9
Obj_340,59.9527264670201,-50.7617132472734,0.9
Obj_1726,51.4307326611736,-28.7733136810625,0.9
Obj_944,270.356992565293,64.3633935893578,0.9
Obj_1570,60.2283228398447,-48.8139860914528,0.9
Obj_1014,62.4457511400761,-49.8142672119523,0.9
Obj_2838,267.814354476323,67.0989265161262,0.9
Obj_644,265.738735387929,63.8817645713714,0.9
Obj_2812,64.2413590851101,-48.9957790039137,0.9
Obj_436,62.2976497667178,-45.9360373985514,0.9
Obj_160,51.723813807438,-28.3608294227183,0.9
Obj_2216,53.9265195297562,-28.6302852852756,0.9
Obj_1461,52.6190920429455,-27.6038016265819,0.9
Obj_1431,271.396158768576,64.3731679085233,0.9
Obj_844,271.431620566748,67.8730482654855,0.9
Obj_2807,55.0752713090438,-28.3360484262513,0.9
Obj_2716,59.4882217296885,-50.2657242024459,0.9
Obj_3198,60.3491836818699,-46.7681543370248,0.9
Obj_1902,51.0891526741194,-27.3479815240294,0.9
Obj_2026,269.452482392753,65.0288746407709,0.9
Obj_2876,64.4536326605662,-47.0978671528888,0.9
Obj_1938,64.6853013272538,-48.533676929883,0.9
Obj_882,51.6396801303434,-29.5285694846394,0.9
Obj_129,270.402105374695,63.3405121292057,0.89
Obj_334,61.0400303407389,-50.1446714309042,0.89
Obj_2085,271.02280218621,67.410621606164,0.89
Obj_2116,271.020207567458,65.9019016380919,0.89
Obj_1349,270.3602202989,68.0494474504146,0.89
Obj_977,51.2845252592737,-28.2644827020912,0.89
Obj_770,53.0132997026316,-29.4858313529244,0.89
Obj_1747,270.978988373873,68.4609431686088,0.89
Obj_208,269.484104739623,64.2309068292354,0.89
Obj_2775,63.2329380905101,-45.9265236292809,0.89
Obj_1100,61.5100623960583,-49.60471597951,0.89
Obj_917,266.688485357518,64.5356058487107,0.89
Obj_2058,267.391634739022,67.4448693261326,0.89
Obj_1432,267.303033562101,65.8282146428377,0.89
Obj_1340,60.2220100577702,-47.2014750571307,0.89
Obj_1370,56.3456408896271,-48.7197078601893,0.89
Obj_330,65.3521152216446,-46.0903221472565,0.89
Obj_256,52.0844823654377,-27.7185219852932,0.89
Obj_2550,266.773401178388,64.9677097793482,0.89
Obj_580,50.7859859410932,-28.0540396628093,0.89
Obj_1274,270.551727066612,67.9605683847077,0.89
Obj_2830,53.5873802297455,-25.9984763365869,0.89
Obj_742,51.8045633600465,-28.9656587945358,0.89
Obj_2183,61.2716334978912,-49.1041115472219,0.89
Obj_79,267.260002693819,63.5432594053808,0.89
Obj_430,271.542074140588,64.462560264219,0.89
Obj_748,63.4657227094897,-49.3688849302156,0.89
Obj_484,64.9732150556971,-46.6066810151394,0.89
Obj_1835,53.2470389270993,-29.2379925375142,0.89
Obj_498,267.613480903301,67.7624392226889,0.89
Obj_571,62.7071072030408,-47.9430527560871,0.89
Obj_706,63.0111814927936,-46.1662872798564,0.89
Obj_955,57.9769375988766,-48.5141058790972,0.89
Obj_26,53.5649875187609,-29.6404603102574,0.88
Obj_1347,274.031181204751,66.893605500483,0.88
Obj_2924,264.549383241735,64.4946452610301,0.88
Obj_2667,62.7950681537201,-47.1626558985575,0.88
Obj_1633,62.9492916928263,-47.2008477895447,0.88
Obj_1669,265.902984289514,63.9110899839229,0.88
Obj_237,269.305017454809,65.1582492416554,0.88
Obj_2471,52.4214309764694,-28.4195121640767,0.88
Obj_1721,53.6051117989254,-27.4980481886483,0.88
Obj_931,61.1347024470795,-47.4044013744772,0.88
Obj_2683,264.700875511361,64.9685289621157,0.88
Obj_3122,63.0295850531617,-47.3199366208382,0.88
Obj_230,271.714364442145,66.1154569107224,0.88
Obj_672,271.496152355617,65.7904316402943,0.88
Obj_578,267.447216366474,64.1887338913605,0.88
Obj_2346,62.7068474483686,-46.4774386095307,0.88
Obj_1927,272.511935742843,67.1915441201911,0.88
Obj_2237,62.0309421691688,-49.423824764781,0.88
Obj_1483,58.9596458787616,-51.3989985162046,0.88
Obj_2134,269.732247521623,63.5764252671496,0.88
Obj_1964,64.313738846854,-49.2443574122067,0.88
Obj_1530,54.5808600164041,-28.0212703404606,0.88
Obj_1492,268.126329598921,65.2591599976522,0.88
Obj_1488,59.9939227061361,-48.6929407171427,0.88
Obj_2644,54.1346990554156,-28.1959546455272,0.88
Obj_3172,61.1858119190841,-48.7876961999834,0.88
Obj_2115,64.6529313951903,-45.9511456668328,0.88
Obj_1341,60.6238543289479,-49.0453140027024,0.88
Obj_3208,267.611341559952,66.3546167851735,0.88
Obj_2653,274.696457697222,66.5742429362755,0.87
Obj_1338,60.131613458474,-46.9712839204022,0.87
Obj_2834,53.5360913959336,-28.7716647059575,0.87
Obj_645,266.290480799721,64.1528024671692,0.87
Obj_2831,58.6493412013813,-48.7804768735034,0.87
Obj_194,63.0061995158351,-46.4727378819751,0.87
Obj_1317,269.148762157113,64.6117520221,0.87
Obj_2350,275.639883526471,65.0289210420825,0.87
Obj_94,54.1365108637598,-28.3079299375156,0.87
Obj_3229,61.3450224295988,-49.3038823112207,0.87
Obj_846,269.594094096895,66.0865264784505,0.87
Obj_1447,65.0387622378415,-47.5200177024752,0.87
Obj_1137,53.1892487590598,-28.9616847230564,0.87
Obj_2767,273.713017353551,67.9295712868877,0.87
Obj_248,65.3044938037947,-47.7451744510164,0.87
Obj_1132,272.156493091662,65.8043155704178,0.87
Obj_902,266.471471515171,65.5308748390143,0.87
Obj_1096,66.3103945465872,-47.1580339232369,0.87
Obj_1469,272.320896448514,65.541455014348,0.87
Obj_1982,54.7545025261283,-28.096212661608,0.87
Obj_2021,59.0539957856186,-49.7037065464508,0.87
Obj_272,62.1475444130258,-48.1852432867293,0.87
Obj_1689,271.583168497495,68.3588893571127,0.87
Obj_1319,268.715473081684,68.049887711639,0.87
Obj_2325,65.0142390351631,-47.4332890271841,0.87
Obj_606,56.5859623052085,-49.9977319208414,0.87
Obj_358,59.7661231921302,-47.4846159920954,0.87
Obj_1845,53.928955955903,-29.6340166127515,0.87
Obj_582,53.9251880638997,-28.6651974323417,0.87
Obj_3101,61.0048573663141,-48.5596815659257,0.87
Obj_1286,60.982901165462,-49.1893839225021,0.87
Obj_1622,52.0729240096391,-29.8098855000242,0.87
Obj_2408,60.6375929470186,-50.7529396709136,0.87
Obj_652,57.218887146575,-47.835319531504,0.87
Obj_756,266.895601221267,67.9262692209277,0.87
Obj_1674,52.8701186851162,-28.8338961361479,0.86
Obj_720,61.8223850972021,-50.127484640049,0.86
Obj_1903,274.077508161568,68.4227333692332,0.86
Obj_174,59.5112090773154,-46.8281820503303,0.86
Obj_3153,50.910597622352,-28.3566235311262,0.86
Obj_2099,55.3600296550956,-49.4235025969092,0.86
Obj_1229,52.519593439131,-29.1865390700688,0.86
Obj_2799,54.4077493501014,-29.4694673241931,0.86
Obj_2499,59.2489240479513,-49.5480902850357,0.86
Obj_803,66.0478157930773,-47.0747129053257,0.86
Obj_554,273.437992741627,64.613609715103,0.86
Obj_2007,268.118740583901,65.384860447234,0.86
Obj_1802,53.0687551408077,-29.2929042280878,0.86
Obj_1969,57.0742904003929,-48.2404084922372,0.86
Obj_131,51.4378234295445,-27.0355286946527,0.86
Obj_899,267.340374087421,67.180847041368,0.86
Obj_1346,272.506099980195,66.0898821151557,0.86
Obj_907,57.4914377241605,-49.1965599438055,0.86
Obj_487,61.003149460335,-50.3387153017956,0.86
Obj_60,61.1321374415959,-47.3951986119661,0.86
Obj_2034,275.166798836706,66.8411595968429,0.85
Obj_890,52.7255507736898,-28.0453595294143,0.85
Obj_1348,53.668890836798,-29.467847266108,0.85
Obj_2065,57.9644435291863,-50.6560029266967,0.85
Obj_2770,58.7350836953162,-47.9102174818479,0.85
Obj_1378,266.347636996848,65.8385715487888,0.85
Obj_2603,59.3599189417408,-47.2904626715457,0.85
Obj_2584,53.8405436992065,-26.5469447460015,0.85
Obj_919,267.435954484708,67.2853859803963,0.85
Obj_2998,61.8825064992849,-46.9452923354063,0.85
Obj_875,63.1199761803578,-48.7354101053028,0.85
Obj_1077,61.7348813079515,-48.1022381230544,0.85
Obj_1106,59.8964779913453,-47.5615386785054,0.85
Obj_2262,267.607157316435,63.7160497963314,0.85
Obj_1270,65.272799372,-47.8589747133623,0.85
Obj_557,270.179235580188,64.3126464295995,0.85
Obj_539,58.1680577192702,-51.1364790030028,0.85
Obj_458,270.655288135197,63.5555277491906,0.85
Obj_3105,271.9253091682,65.3094334695863,0.85
Obj_2247,268.427882847963,66.6232554029148,0.85
Obj_143,56.8049297719598,-48.4540094209535,0.85
Obj_1184,63.4040541419651,-45.8759536175802,0.85
Obj_708,54.0936462788292,-27.8290074518561,0.85
Obj_2531,60.405206584329,-49.3921220842176,0.85
Obj_2714,269.816863635624,67.00619020468,0.85
Obj_1267,62.1279305322933,-47.7168909040795,0.85
Obj_1644,270.441568134898,66.584505980737,0.85
Obj_752,276.26335781575,65.6520875868048,0.85
Obj_1780,267.522773034679,64.4787098863969,0.85
Obj_1729,272.238682234031,64.740959805581,0.85
