Obj_name,PGC,EGIPS,RAJ2000,DEJ2000,Coord,max_prob
Obj_8886,1263973,EGIPS J124650.1+040807,191.7091381,4.1353082,J124650.19+040807.1,0.84
Obj_5445,82289,EGIPS J090721.9-091643,136.841304,-9.2787674,J090721.91-091643.6,0.84
Obj_101,1969546,EGIPS J000741.2+315313,1.9217371,31.8870656,J000741.22+315313.4,0.84
Obj_8298,2299239,EGIPS J121040.5+472946,182.669055,47.496377,J121040.57+472947.0,0.84
Obj_10587,91376,EGIPS J143614.4+733023,219.0602726,73.5065253,J143614.47+733023.5,0.84
Obj_13492,91635,EGIPS J183510.1+441802,278.7923793,44.300615,J183510.17+441802.2,0.84
Obj_4714,90827,EGIPS J081044.6+384450,122.685908,38.7474139,J081044.62+384450.7,0.84
Obj_14926,754153,EGIPS J220103.1-272929,330.2629755,-27.4915661,J220103.11-272929.6,0.84
Obj_15414,5057500,EGIPS J224003.8+292125,340.0161903,29.3571759,J224003.89+292125.8,0.84
Obj_13475,2514103,EGIPS J183232.5+554647,278.1358124,55.7798963,J183232.59+554647.6,0.84
Obj_3490,17620,EGIPS J054200.8-190352,85.5033426,-19.0644929,J054200.80-190352.2,0.84
Obj_12263,58514,EGIPS J163400.8+361126,248.5036375,36.1907854,J163400.87+361126.8,0.84
Obj_1134,90542,EGIPS J012320.6+141558,20.836212,14.2663781,J012320.69+141559.0,0.84
Obj_13959,1246738,EGIPS J195637.2+031024,299.1552196,3.173352,J195637.25+031024.1,0.84
Obj_8975,1213521,EGIPS J125221.5+020128,193.0895876,2.0245737,J125221.50+020128.5,0.84
Obj_15521,69739,EGIPS J224806.5+281734,342.0271385,28.2929443,J224806.51+281734.6,0.84
Obj_7686,35631,EGIPS J113246.6+525627,173.1943926,52.9410584,J113246.65+525627.8,0.84
Obj_1484,6966,EGIPS J015248.9-032649,28.2038993,-3.4470969,J015248.94-032649.5,0.84
Obj_3666,90751,EGIPS J062041.4+672936,95.1726969,67.4935781,J062041.45+672936.9,0.84
Obj_13039,       ,EGIPS J174226.9+190907,265.6123288,19.1521785,J174226.96+190907.8,0.84
Obj_12750,2133287,EGIPS J171248.8+384000,258.2033964,38.6669275,J171248.82+384000.9,0.84
Obj_15109,68399,EGIPS J221502.4+371801,333.7603165,37.3004228,J221502.48+371801.5,0.84
Obj_5071,90860,EGIPS J083607.8+291523,129.0325194,29.2566466,J083607.80+291523.9,0.84
Obj_11274,1391373,EGIPS J152725.8+111703,231.857864,11.2842083,J152725.89+111703.2,0.84
Obj_6898,103767,EGIPS J104849.1-024025,162.2048107,-2.673711,J104849.15-024025.4,0.84
Obj_10957,2768980,EGIPS J150242.8+754311,225.6787326,75.7199585,J150242.90+754311.9,0.84
Obj_13036,1537855,EGIPS J174216.2+173844,265.5676914,17.6456115,J174216.25+173844.2,0.84
Obj_12386,1345947,EGIPS J164326.2+082339,250.859228,8.3942755,J164326.21+082339.4,0.84
Obj_13013,1377506,EGIPS J174005.2+101759,265.0217909,10.2998057,J174005.23+101759.3,0.84
Obj_8483,851507,EGIPS J122222.8-194246,185.5951974,-19.713017,J122222.85-194246.9,0.84
Obj_1768,3634732,EGIPS J021651.5+222124,34.2149107,22.3567555,J021651.58+222124.3,0.84
Obj_11937,       ,EGIPS J161246.8+453322,243.1951807,45.5563745,J161246.84+453322.9,0.84
Obj_5548,4667088,EGIPS J091501.2-255041,138.7553917,-25.8448333,J091501.29-255041.4,0.84
Obj_10990,91411,EGIPS J150420.7+231136,226.0865692,23.1933412,J150420.78+231136.0,0.84
Obj_16376,3992190,EGIPS J235507.5+042522,358.7816605,4.4229921,J235507.60+042522.8,0.84
Obj_2969,4666587,EGIPS J042321.9+252450,65.8414062,25.4140778,J042321.94+252450.7,0.84
Obj_8802,923403,EGIPS J124158.7-143156,190.4949531,-14.5322297,J124158.79-143156.0,0.84
Obj_10269,1387632,EGIPS J141400.4+110040,213.5019505,11.0112304,J141400.47+110040.4,0.84
Obj_458,143625,EGIPS J003539.6-224046,8.9151224,-22.679522,J003539.63-224046.3,0.84
Obj_13420,2809837,EGIPS J182438.6+194055,276.1610891,19.6820897,J182438.66+194055.5,0.84
Obj_13144,61005,EGIPS J175142.9+372319,267.9289416,37.3886316,J175142.95+372319.1,0.84
Obj_9872,93736,EGIPS J134853.3+275510,207.2224469,27.9196038,J134853.39+275510.6,0.84
Obj_7538,2545926,EGIPS J112323.8+564344,170.8493979,56.7289116,J112323.86+564344.1,0.84
Obj_5496,2129267,EGIPS J091115.5+383058,137.814593,38.5162506,J091115.50+383058.5,0.84
Obj_15141,1069382,EGIPS J221735.2-033501,334.3967943,-3.5836436,J221735.23-033501.1,0.84
Obj_9506,46846,EGIPS J132413.8+703154,201.0579102,70.5317278,J132413.90+703154.2,0.83
Obj_8268,1684988,EGIPS J120847.5+231804,182.1981209,23.3012137,J120847.55+231804.4,0.83
Obj_2543,1206931,EGIPS J032235.9+014916,50.6498541,1.8213864,J032235.96+014917.0,0.83
Obj_8656,1147239,EGIPS J123221.4-001659,188.0892232,-0.2833205,J123221.41-001700.0,0.83
Obj_16241,       ,EGIPS J234627.7+472209,356.6154941,47.3694078,J234627.72+472209.9,0.83
Obj_9753,1678279,EGIPS J134122.8+225500,205.3452654,22.9168021,J134122.86+225500.5,0.83
Obj_9055,158270,EGIPS J125613.7-275456,194.05721,-27.9156169,J125613.73-275456.2,0.83
Obj_11178,1813531,EGIPS J152006.2+273727,230.0258508,27.6243132,J152006.20+273727.5,0.83
Obj_8769,42354,EGIPS J123928.1+041604,189.8674487,4.2679735,J123928.19+041604.7,0.83
Obj_4606,2653908,EGIPS J080137.4+632011,120.4060875,63.3365215,J080137.46+632011.5,0.83
Obj_5143,90867,EGIPS J084115.4+415816,130.3143226,41.9713744,J084115.44+415816.9,0.83
Obj_7586,2178938,EGIPS J112624.4+411809,171.6018929,41.302752,J112624.45+411809.9,0.83
Obj_5274,1651393,EGIPS J085152.0+213022,132.9670535,21.5063071,J085152.09+213022.7,0.83
Obj_721,90511,EGIPS J005354.5-032735,13.4773238,-3.4599717,J005354.56-032735.9,0.83
Obj_2103,1158434,EGIPS J024352.5+000909,40.9691634,0.1527389,J024352.60+000909.9,0.83
Obj_10332,1220223,EGIPS J141835.6+021345,214.648363,2.2293542,J141835.61+021345.7,0.83
Obj_2073,5072512,EGIPS J024148.8-055200,40.4535416,-5.866813,J024148.85-055200.5,0.83
Obj_14522,5089365,EGIPS J211729.9+075612,319.374824,7.9369346,J211729.96+075613.0,0.83
Obj_8062,2392421,EGIPS J115557.0+512011,178.9876104,51.3365612,J115557.03+512011.6,0.83
Obj_10496,91362,EGIPS J143007.1-062542,217.5296876,-6.4284439,J143007.13-062542.4,0.83
Obj_12517,91567,EGIPS J165333.4+623914,253.3894093,62.6540248,J165333.46+623914.5,0.83
Obj_10383,       ,EGIPS J142310.4-053201,215.7936005,-5.5336958,J142310.46-053201.3,0.83
Obj_3374,878843,EGIPS J051750.3-174220,79.4598083,-17.7058303,J051750.35-174221.0,0.83
Obj_4487,22124,EGIPS J075403.2+610912,118.513405,61.1533574,J075403.22+610912.1,0.83
Obj_11457,1801245,EGIPS J154234.2+271301,235.6428866,27.2169475,J154234.29+271301.0,0.83
Obj_11215,3845527,EGIPS J152247.0-043317,230.6959948,-4.5549656,J152247.04-043317.9,0.83
Obj_15936,3980498,EGIPS J232109.8+012328,350.291094,1.3913159,J232109.86+012328.7,0.83
Obj_10104,1043445,EGIPS J140432.5-053213,211.1355486,-5.5370817,J140432.53-053213.5,0.83
Obj_10624,1665825,EGIPS J143818.6+221310,219.5779125,22.2194709,J143818.70+221310.1,0.83
Obj_6117,2045744,EGIPS J095656.4+341313,149.2351367,34.2205399,J095656.43+341313.9,0.83
Obj_11791,981819,EGIPS J160523.8-100843,241.3492995,-10.1453249,J160523.83-100843.2,0.83
Obj_11905,4121018,EGIPS J161116.3+242942,242.8181832,24.495087,J161116.36+242942.3,0.83
Obj_6968,2287074,EGIPS J105236.4+464706,163.1518319,46.7852458,J105236.44+464706.9,0.83
Obj_5116,       ,EGIPS J083955.0-143735,129.9794848,-14.6264487,J083955.08-143735.2,0.83
Obj_10217,91339,EGIPS J141131.8-110050,212.8828728,-11.0139495,J141131.89-110050.2,0.83
Obj_420,777496,EGIPS J003243.0-253358,8.1794492,-25.5663494,J003243.07-253358.9,0.83
Obj_14835,1023280,EGIPS J215237.9-071036,328.1580458,-7.1767817,J215237.93-071036.4,0.83
Obj_3867,19838,EGIPS J065451.5+704452,103.7147665,70.7480075,J065451.54+704452.8,0.83
Obj_1280,921231,EGIPS J013456.7-144138,23.7364565,-14.6939376,J013456.75-144138.2,0.83
Obj_13058,2140651,EGIPS J174431.2+385803,266.1301521,38.9675088,J174431.24+385803.0,0.83
Obj_6604,1198537,EGIPS J102918.1+013325,157.3258052,1.5571448,J102918.19+013325.7,0.83
Obj_15065,163843,EGIPS J221200.5-293630,333.0023008,-29.6083335,J221200.55-293630.0,0.83
Obj_7309,2743235,EGIPS J111225.0+712631,168.104303,71.4421724,J111225.03+712631.8,0.83
Obj_4301,21439,EGIPS J073735.2+661957,114.3969756,66.3326947,J073735.27+661957.7,0.83
Obj_898,1058390,EGIPS J010607.5-042524,16.5315586,-4.4235832,J010607.57-042524.9,0.83
Obj_7362,1046056,EGIPS J111444.1-052025,168.6841399,-5.3404812,J111444.19-052025.7,0.82
Obj_11941,1882811,EGIPS J161255.7+295441,243.2321123,29.9115324,J161255.71+295441.5,0.82
Obj_8782,799468,EGIPS J124029.0-233414,190.1209233,-23.5707324,J124029.02-233414.6,0.82
Obj_5745,26903,EGIPS J092855.3+491418,142.2305313,49.2384615,J092855.33+491418.5,0.82
Obj_1808,1040371,EGIPS J021924.0-054722,34.850142,-5.7896427,J021924.03-054722.7,0.82
Obj_15871,841607,EGIPS J231730.2-202700,349.375901,-20.4500077,J231730.22-202700.0,0.82
Obj_8369,157540,EGIPS J121503.1-141024,183.7631244,-14.1736008,J121503.15-141025.0,0.82
Obj_7854,1940513,EGIPS J114256.0+311741,175.733651,31.2947856,J114256.08+311741.2,0.82
Obj_4561,1478516,EGIPS J075859.0+151301,119.7461584,15.2171694,J075859.08+151301.8,0.82
Obj_6743,3758604,EGIPS J103901.8+050429,159.7578633,5.074889,J103901.89+050429.6,0.82
Obj_12137,1249921,EGIPS J162548.6+031927,246.4525484,3.3241822,J162548.61+031927.1,0.82
Obj_3464,17498,EGIPS J053557.2-211450,83.9884917,-21.2474098,J053557.24-211450.7,0.82
Obj_11959,2466155,EGIPS J161407.1+541919,243.5296893,54.3221216,J161407.13+541919.6,0.82
Obj_10795,2024755,EGIPS J145020.4+330854,222.5850368,33.1484872,J145020.41+330854.6,0.82
Obj_15608,70040,EGIPS J225601.8+124600,344.0076221,12.7667032,J225601.83+124600.1,0.82
Obj_8565,5072357,EGIPS J122641.5+241101,186.6730198,24.1838514,J122641.52+241101.9,0.82
Obj_15053,       ,EGIPS J221115.3+425905,332.8137949,42.9849288,J221115.31+425905.7,0.82
Obj_9181,1097938,EGIPS J130330.7-021359,195.8782354,-2.2332953,J130330.78-021359.9,0.82
Obj_4509,2479354,EGIPS J075521.4+544527,118.8391837,54.7577303,J075521.40+544527.8,0.82
Obj_8097,37630,EGIPS J115747.4+220112,179.447766,22.0201661,J115747.46+220112.6,0.82
Obj_1114,1156250,EGIPS J012155.6+000359,20.4820742,0.0664343,J012155.70+000359.2,0.82
Obj_13800,2541334,EGIPS J193252.8+563457,293.2203645,56.5825059,J193252.89+563457.0,0.82
Obj_14133,64817,EGIPS J202956.5-225153,307.4856992,-22.8649124,J202956.57-225153.7,0.82
Obj_15583,1754722,EGIPS J225420.7+255432,343.5864929,25.9091406,J225420.76+255432.9,0.82
Obj_7632,1046404,EGIPS J113000.3-051846,172.5016376,-5.3129522,J113000.39-051846.6,0.82
Obj_15875,91791,EGIPS J231747.4+284026,349.4477455,28.6740157,J231747.46+284026.5,0.82
Obj_7889,3776107,EGIPS J114429.3-142249,176.12239,-14.380337,J114429.37-142249.2,0.82
Obj_1815,       ,EGIPS J021948.5+505731,34.9522193,50.958821,J021948.53+505731.8,0.82
Obj_12582,2383164,EGIPS J165850.5+505014,254.7106121,50.8373751,J165850.55+505014.6,0.82
Obj_7285,91089,EGIPS J111101.7+421317,167.7572576,42.2213962,J111101.74+421317.0,0.82
Obj_15648,1767552,EGIPS J225912.0+261255,344.8000902,26.2154487,J225912.02+261255.6,0.82
Obj_16280,1101843,EGIPS J234904.4-020546,357.2684738,-2.096178,J234904.43-020546.2,0.82
Obj_7131,33269,EGIPS J110155.5+470541,165.4814244,47.0949944,J110155.54+470542.0,0.82
Obj_10788,1691473,EGIPS J144940.4+234005,222.4183486,23.6680662,J144940.40+234005.0,0.82
Obj_6944,3761723,EGIPS J105133.5+363055,162.889767,36.5154527,J105133.54+363055.6,0.81
Obj_5331,82151,EGIPS J085727.3-284717,134.3641436,-28.7882688,J085727.39-284717.8,0.81
Obj_2030,9952,EGIPS J023737.3+423809,39.4058259,42.6359777,J023737.40+423809.5,0.81
Obj_16044,3984706,EGIPS J233203.7+140230,353.0158059,14.0418281,J233203.79+140230.6,0.81
Obj_5447,2094071,EGIPS J090726.0+370915,136.8585156,37.1544077,J090726.04+370915.9,0.81
Obj_10954,92981,EGIPS J150235.5+075335,225.6482893,7.8933015,J150235.59+075335.9,0.81
Obj_3301,       ,EGIPS J050731.9+052219,76.883103,5.3719676,J050731.94+052219.1,0.81
Obj_945,1867557,EGIPS J010859.3+292839,17.247423,29.4777685,J010859.38+292840.0,0.81
Obj_453,1707497,EGIPS J003524.8+242652,8.8533783,24.4479548,J003524.81+242652.6,0.81
Obj_11515,3853480,EGIPS J154718.0+140242,236.8254042,14.0452081,J154718.10+140242.7,0.81
Obj_12073,91527,EGIPS J162130.2+405402,245.3762027,40.9007156,J162130.29+405402.6,0.81
Obj_5863,3744854,EGIPS J093832.4+204420,144.6350238,20.7389722,J093832.41+204420.3,0.81
Obj_16170,72095,EGIPS J234048.6-301444,355.2025205,-30.2457899,J234048.60-301444.8,0.81
Obj_6640,       ,EGIPS J103128.8+682846,157.8700027,68.4795593,J103128.80+682846.4,0.81
Obj_15645,70158,EGIPS J225850.5+214131,344.7105023,21.6921893,J225850.52+214131.9,0.81
Obj_14723,1036872,EGIPS J214037.6-060527,325.1570444,-6.0909129,J214037.69-060527.3,0.81
Obj_2963,779064,EGIPS J042220.5-252548,65.5857241,-25.4302367,J042220.57-252548.9,0.81
Obj_8812,3794438,EGIPS J124223.0+350215,190.5962072,35.0375072,J124223.09+350215.0,0.81
Obj_2245,10956,EGIPS J025426.3+423859,43.6097264,42.6497834,J025426.33+423859.2,0.81
Obj_6705,1679554,EGIPS J103623.3+225935,159.0973099,22.9931702,J103623.35+225935.4,0.81
Obj_9692,1236845,EGIPS J133607.1+024559,204.0297439,2.7664363,J133607.14+024559.2,0.81
Obj_5519,3739354,EGIPS J091309.0+430744,138.2878152,43.1291425,J091309.08+430744.9,0.81
Obj_13912,       ,EGIPS J194935.9-220754,297.3998602,-22.1318652,J194935.97-220754.7,0.81
Obj_167,3591663,EGIPS J001311.6+150748,3.2984533,15.130232,J001311.63+150748.8,0.81
Obj_3018,943599,EGIPS J043027.7-130325,67.6155686,-13.0570588,J043027.74-130325.4,0.81
Obj_6101,181938,EGIPS J095602.9-271101,149.0122668,-27.1837108,J095602.94-271101.4,0.81
Obj_5720,3529954,EGIPS J092619.3+370536,141.5807699,37.0934354,J092619.38+370536.4,0.81
Obj_1989,9795,EGIPS J023419.9+323019,38.5833124,32.5055534,J023419.99+323020.0,0.81
Obj_7006,1502048,EGIPS J105451.3+160917,163.7139135,16.1548355,J105451.34+160917.4,0.81
Obj_15358,1049438,EGIPS J223623.5-050531,339.098069,-5.0920147,J223623.54-050531.3,0.81
Obj_11212,1631975,EGIPS J152240.5+203655,230.6687929,20.6153235,J152240.51+203655.2,0.81
Obj_349,90478,EGIPS J002710.5-101919,6.7940943,-10.3222015,J002710.58-101919.9,0.81
Obj_11456,1559017,EGIPS J154228.2+182500,235.6176467,18.4166776,J154228.24+182500.0,0.81
Obj_2528,3657688,EGIPS J032127.3+304620,50.3640726,30.7724431,J032127.38+304620.8,0.81
Obj_7739,91134,EGIPS J113533.8+245745,173.891107,24.962766,J113533.87+245746.0,0.8
Obj_9626,47579,EGIPS J133151.0+111502,202.9626757,11.25064,J133151.04+111502.3,0.8
Obj_14697,92687,EGIPS J213831.3-225623,324.6306983,-22.9398298,J213831.37-225623.4,0.8
Obj_4431,       ,EGIPS J075003.9+053233,117.5162909,5.5425424,J075003.91+053233.2,0.8
Obj_1556,996313,EGIPS J015913.3-090055,29.8054554,-9.0153621,J015913.31-090055.3,0.8
Obj_10991,1645761,EGIPS J150421.9+211410,226.0912578,21.2361491,J150421.90+211410.1,0.8
Obj_8487,1182092,EGIPS J122233.3+010113,185.6390051,1.0204541,J122233.36+010113.6,0.8
Obj_4853,1647919,EGIPS J081941.3+212012,124.9223821,21.3367403,J081941.37+212012.3,0.8
Obj_2872,       ,EGIPS J040452.0+040747,61.2169243,4.1297507,J040452.06+040747.1,0.8
Obj_6707,31498,EGIPS J103654.2+094005,159.2262202,9.6682946,J103654.29+094005.9,0.8
Obj_1122,2353693,EGIPS J012221.6+494748,20.5900876,49.7967311,J012221.62+494748.2,0.8
Obj_15703,846370,EGIPS J230238.7-200541,345.6614286,-20.0947789,J230238.74-200541.2,0.8
Obj_5039,4076700,EGIPS J083356.1-200050,128.4837876,-20.0138899,J083356.11-200050.0,0.8
Obj_2598,1404258,EGIPS J032813.5+120745,52.0564483,12.1293476,J032813.55+120745.7,0.8
Obj_1371,90559,EGIPS J014332.0+325249,25.8834906,32.8803671,J014332.04+325249.3,0.8
Obj_15749,1163693,EGIPS J230703.4+002058,346.7644633,0.3496643,J230703.47+002058.8,0.8
Obj_9412,2457850,EGIPS J131807.9+540205,199.5329452,54.0349687,J131807.91+540205.9,0.8
Obj_5104,3524815,EGIPS J083900.2+274913,129.750953,27.8205247,J083900.23+274913.9,0.8
Obj_7762,948138,EGIPS J113712.1-124501,174.3005987,-12.7502819,J113712.14-124501.0,0.8
Obj_15144,2115949,EGIPS J221741.7+380134,334.4241315,38.026203,J221741.79+380134.3,0.8
Obj_9890,2599263,EGIPS J135008.5+601225,207.5354495,60.2071629,J135008.51+601225.8,0.8
Obj_6043,28396,EGIPS J095127.0-014457,147.8629106,-1.7492158,J095127.10-014457.2,0.8
Obj_7993,37076,EGIPS J115115.1-060623,177.8129892,-6.1064514,J115115.12-060623.2,0.8
Obj_13417,2385299,EGIPS J182418.5+505614,276.0771634,50.9373253,J182418.52+505614.4,0.8
Obj_59,170579,EGIPS J000458.6-061037,1.2445595,-6.1771841,J000458.69-061037.9,0.8
Obj_1890,1193165,EGIPS J022649.5+012252,36.706275,1.381375,J022649.51+012253.0,0.8
Obj_11355,2297359,EGIPS J153416.9+472335,233.5706254,47.3930895,J153416.95+472335.1,0.8
Obj_8804,3269922,EGIPS J124202.6-040825,190.5110815,-4.1403696,J124202.66-040825.3,0.8
Obj_14896,67737,EGIPS J215807.3+010032,329.530643,1.0089994,J215807.35+010032.4,0.8
Obj_12351,3870481,EGIPS J164053.0+133246,250.2209472,13.5462351,J164053.03+133246.4,0.8
Obj_11309,1330300,EGIPS J153013.0+074559,232.5542714,7.7665037,J153013.03+074559.4,0.8
Obj_10415,51503,EGIPS J142521.1+393223,216.3381538,39.5399709,J142521.16+393223.9,0.8
Obj_5120,3450534,EGIPS J084006.8+041608,130.0283925,4.2689061,J084006.81+041608.1,0.79
Obj_3554,1308018,EGIPS J055312.1+064853,88.3007876,6.8148185,J055312.19+064853.3,0.79
Obj_2340,3650612,EGIPS J030303.6+302327,45.765352,30.3908786,J030303.68+302327.2,0.79
Obj_9635,91294,EGIPS J133227.8+454909,203.1160151,45.819299,J133227.84+454909.5,0.79
Obj_1882,90611,EGIPS J022603.1+290103,36.5132586,29.0176825,J022603.18+290103.7,0.79
Obj_2225,91992,EGIPS J025245.7-301415,43.1907367,-30.2377082,J025245.78-301415.7,0.79
Obj_2629,92029,EGIPS J033124.3-201006,52.8514066,-20.1683712,J033124.34-201006.1,0.79
Obj_10194,1017834,EGIPS J141001.6-073022,212.5068241,-7.5061638,J141001.64-073022.2,0.79
Obj_1936,9510,EGIPS J022954.0+251523,37.4753521,25.2565892,J022954.08+251523.7,0.79
Obj_7064,33003,EGIPS J105817.1+044733,164.5714153,4.79251,J105817.14+044733.0,0.79
Obj_11819,57174,EGIPS J160656.8+623214,241.736889,62.5373607,J160656.85+623214.5,0.79
Obj_9748,2628869,EGIPS J134045.7+620058,205.1904233,62.0162903,J134045.70+620058.6,0.79
Obj_1454,174237,EGIPS J015021.7-253040,27.5905239,-25.5112121,J015021.73-253040.4,0.79
Obj_10342,859832,EGIPS J141914.3-190537,214.8096504,-19.0936792,J141914.32-190537.2,0.79
Obj_5406,1346641,EGIPS J090356.0+082549,135.9837114,8.4303208,J090356.09+082549.2,0.79
Obj_3543,2800702,EGIPS J055017.9-242837,87.5749922,-24.4771453,J055018.00-242837.7,0.79
Obj_4499,1475231,EGIPS J075446.6+150557,118.6944949,15.0993793,J075446.68+150557.8,0.79
Obj_12017,1581101,EGIPS J161756.5+190704,244.4855677,19.1177863,J161756.54+190704.0,0.79
Obj_14761,847739,EGIPS J214538.8-195912,326.4119493,-19.9867956,J214538.87-195912.5,0.79
Obj_10635,1752189,EGIPS J143926.5+255052,219.8605664,25.8480202,J143926.54+255052.9,0.79
Obj_14513,66434,EGIPS J211545.0+172134,318.9376381,17.3595713,J211545.03+172134.5,0.79
Obj_7121,91073,EGIPS J110112.8+320850,165.3036187,32.1473541,J110112.87+320850.5,0.79
Obj_1911,90613,EGIPS J022812.9-023101,37.0538049,-2.5171438,J022812.91-023101.7,0.79
Obj_3283,892778,EGIPS J050455.7-165021,76.232246,-16.8392635,J050455.74-165021.3,0.79
Obj_15212,       ,EGIPS J222328.5+090014,335.8689541,9.0040919,J222328.55+090014.7,0.79
Obj_8685,5167723,EGIPS J123347.7+083832,188.4489315,8.6422624,J123347.74+083832.1,0.79
Obj_14049,821016,EGIPS J201417.8-215833,303.5744834,-21.9758607,J201417.88-215833.1,0.79
Obj_3686,2437712,EGIPS J062549.4+531912,96.4559926,53.3202166,J062549.44+531912.8,0.79
Obj_3877,1858918,EGIPS J065557.2+291212,103.9885787,29.2035012,J065557.26+291212.6,0.79
Obj_10914,2251717,EGIPS J145909.3+444625,224.7890789,44.773712,J145909.38+444625.4,0.79
Obj_3402,90738,EGIPS J052306.2+671943,80.7759633,67.3286789,J052306.23+671943.2,0.79
Obj_11100,84515,EGIPS J151314.1+064739,228.3090003,6.7944356,J151314.16+064740.0,0.79
Obj_1330,6108,EGIPS J013909.1-103013,24.788028,-10.5036967,J013909.13-103013.3,0.79
Obj_3187,1067174,EGIPS J045227.0-034543,73.1126183,-3.7621767,J045227.03-034543.8,0.79
Obj_9417,2262292,EGIPS J131829.7+451701,199.6239989,45.2836651,J131829.76+451701.2,0.79
Obj_12645,2518134,EGIPS J170307.6+555330,255.7816927,55.8918689,J170307.61+555330.7,0.79
Obj_10201,214223,EGIPS J141030.6+385642,212.6278931,38.9451368,J141030.69+385642.5,0.79
Obj_11361,1646263,EGIPS J153436.9+211535,233.653765,21.2598576,J153436.90+211535.5,0.79
Obj_5302,2716466,EGIPS J085503.2+682045,133.7635317,68.3459638,J085503.25+682045.5,0.79
Obj_15593,3971341,EGIPS J225511.5+230912,343.7982546,23.1533799,J225511.58+230912.2,0.79
Obj_16187,1159904,EGIPS J234203.2+001238,355.5133808,0.2106274,J234203.21+001238.3,0.79
Obj_442,2087,EGIPS J003452.2-073839,8.7178309,-7.6441881,J003452.28-073839.1,0.78
Obj_14976,942044,EGIPS J220539.9-130914,331.4164941,-13.1541014,J220539.96-130914.8,0.78
Obj_8131,       ,EGIPS J120002.1+291834,180.0090076,29.3095346,J120002.16+291834.3,0.78
Obj_11980,2113929,EGIPS J161528.4+375707,243.86867,37.9520565,J161528.48+375707.4,0.78
Obj_15897,91793,EGIPS J231849.8+191056,349.7076382,19.182248,J231849.83+191056.1,0.78
Obj_10436,1408094,EGIPS J142701.2+122129,216.7553838,12.3580586,J142701.29+122129.0,0.78
Obj_1685,90592,EGIPS J021019.0+363112,32.5794301,36.5202494,J021019.06+363112.9,0.78
Obj_7634,35437,EGIPS J113009.4+383713,172.5395141,38.6202785,J113009.48+383713.0,0.78
Obj_6377,90997,EGIPS J101255.5+554207,153.2312823,55.7020083,J101255.51+554207.2,0.78
Obj_9088,44422,EGIPS J125813.3+285653,194.5555376,28.9482013,J125813.33+285653.5,0.78
Obj_9813,91310,EGIPS J134507.9-024746,206.2831614,-2.7963448,J134507.96-024746.8,0.78
Obj_14667,931069,EGIPS J213457.2-135650,323.7386822,-13.9473919,J213457.28-135650.6,0.78
Obj_6325,29560,EGIPS J100946.1-203932,152.4424512,-20.658938,J100946.19-203932.2,0.78
Obj_6274,1682756,EGIPS J100601.7+231026,151.5074562,23.1740036,J100601.79+231026.4,0.78
Obj_10032,3817456,EGIPS J140000.2-243751,210.0009863,-24.6310996,J140000.24-243752.0,0.78
Obj_2274,3647754,EGIPS J025614.8+052336,44.0618437,5.3934662,J025614.84+052336.5,0.78
Obj_519,1676970,EGIPS J003915.0+225013,9.8126569,22.8370847,J003915.04+225013.5,0.78
Obj_5580,1196590,EGIPS J091743.4+012932,139.4310968,1.4924488,J091743.46+012932.8,0.78
Obj_9102,1036986,EGIPS J125921.9-060452,194.8415576,-6.0812701,J125921.97-060452.6,0.78
Obj_5729,1706275,EGIPS J092713.9+242328,141.8080815,24.3911161,J092713.94+242328.0,0.78
Obj_6020,737264,EGIPS J095001.6-284811,147.5069536,-28.8031628,J095001.67-284811.4,0.78
Obj_8697,41827,EGIPS J123435.4+422617,188.6476995,42.4382247,J123435.45+422617.6,0.78
Obj_9840,3813551,EGIPS J134703.8-102207,206.7658902,-10.3686726,J134703.81-102207.2,0.78
Obj_11953,91509,EGIPS J161341.4+525226,243.4228526,52.8739108,J161341.48+525226.1,0.78
Obj_5246,2294828,EGIPS J084943.7+471432,132.4322368,47.24249,J084943.74+471433.0,0.78
Obj_8705,5060282,EGIPS J123510.0+084039,188.7916788,8.6775167,J123510.00+084039.1,0.78
Obj_4374,90793,EGIPS J074519.4+335632,116.3310003,33.9422604,J074519.44+335632.1,0.78
Obj_15371,1169353,EGIPS J223710.1+003354,339.2921309,0.5651603,J223710.11+003354.6,0.78
Obj_14921,868436,EGIPS J220026.8-182452,330.1120325,-18.4146861,J220026.89-182452.9,0.78
Obj_3038,1158540,EGIPS J043240.8+000926,68.170049,0.1572784,J043240.81+000926.2,0.78
Obj_7178,869554,EGIPS J110453.9-181928,166.2246497,-18.3245144,J110453.92-181928.3,0.78
Obj_6199,4221745,EGIPS J100143.9+175806,150.4332998,17.9685845,J100143.99+175806.9,0.77
Obj_7605,35320,EGIPS J112831.0+090616,172.1294332,9.1045176,J112831.06+090616.3,0.77
Obj_3615,742035,EGIPS J060837.9-282429,92.1579788,-28.4083312,J060837.91-282430.0,0.77
Obj_10015,3817128,EGIPS J135856.3+284642,209.7348816,28.7784068,J135856.37+284642.3,0.77
Obj_10581,2170806,EGIPS J143550.7+404646,218.9612882,40.7794463,J143550.71+404646.0,0.77
Obj_13911,975673,EGIPS J194925.1-103829,297.3546018,-10.6416412,J194925.10-103829.9,0.77
Obj_2752,3519635,EGIPS J034625.9-003556,56.6079547,-0.5990056,J034625.91-003556.4,0.77
Obj_13009,1691205,EGIPS J173853.0+233911,264.7212475,23.6532803,J173853.10+233911.8,0.77
Obj_8732,3550960,EGIPS J123658.2+122420,189.2429012,12.4055921,J123658.30+122420.1,0.77
Obj_1437,1012320,EGIPS J014859.3-074956,27.24723,-7.8322358,J014859.34-074956.0,0.77
Obj_12403,       ,EGIPS J164422.6+070845,251.0941969,7.146067,J164422.61+070845.8,0.77
Obj_7325,2013027,EGIPS J111300.7+324822,168.2533242,32.8061165,J111300.80+324822.0,0.77
Obj_12922,60387,EGIPS J172939.1+050117,262.413143,5.0214484,J172939.15+050117.2,0.77
Obj_12336,91543,EGIPS J163945.3+293114,249.9388334,29.5206011,J163945.32+293114.2,0.77
Obj_7657,1338619,EGIPS J113126.6+080511,172.8609612,8.0866274,J113126.63+080511.9,0.77
Obj_13647,       ,EGIPS J190425.1+400454,286.1046575,40.0817711,J190425.12+400454.4,0.77
Obj_9909,1846539,EGIPS J135123.9+284824,207.8497859,28.8067738,J135123.95+284824.4,0.77
Obj_761,714357,EGIPS J005610.8-304024,14.0450996,-30.6735321,J005610.82-304024.7,0.77
Obj_8872,1268285,EGIPS J124608.2+042636,191.5344745,4.4435016,J124608.27+042636.6,0.77
Obj_3727,90756,EGIPS J063455.6+594633,98.7318294,59.7758956,J063455.64+594633.2,0.77
Obj_10116,3385754,EGIPS J140518.2+602555,211.3259032,60.4319862,J140518.22+602555.2,0.77
Obj_6310,1632587,EGIPS J100831.1+203830,152.1296953,20.6417581,J100831.13+203830.3,0.77
Obj_4066,2200077,EGIPS J071418.1+422950,108.5755211,42.4972915,J071418.13+422950.2,0.77
Obj_5748,90920,EGIPS J092908.7+544100,142.2866053,54.6835792,J092908.79+544100.9,0.76
Obj_7393,1051569,EGIPS J111556.2-045553,168.9844668,-4.9314105,J111556.27-045553.1,0.76
Obj_8676,1278503,EGIPS J123317.8+050737,188.3244891,5.1271697,J123317.88+050737.8,0.76
Obj_8918,183299,EGIPS J124917.7-233108,192.3240561,-23.5189661,J124917.77-233108.3,0.76
Obj_8395,39322,EGIPS J121632.1+294921,184.1341482,29.8225704,J121632.20+294921.3,0.76
Obj_8015,92934,EGIPS J115304.9+045047,178.2705886,4.8465365,J115304.94+045047.5,0.76
Obj_687,1031715,EGIPS J005045.2-063214,12.6886432,-6.5372744,J005045.27-063214.2,0.76
Obj_12502,91570,EGIPS J165148.8+784513,252.9535257,78.7536911,J165148.85+784513.3,0.76
Obj_6534,2073475,EGIPS J102431.0+360026,156.1295094,36.0073324,J102431.08+360026.4,0.76
Obj_8155,825082,EGIPS J120121.0-214104,180.3378367,-21.6846163,J120121.08-214104.6,0.76
Obj_12827,2171034,EGIPS J171944.7+404741,259.9365874,40.7947995,J171944.78+404741.3,0.76
Obj_16421,1285810,EGIPS J235906.7+053502,359.7782007,5.583889,J235906.77+053502.0,0.76
Obj_6074,90958,EGIPS J095327.3+194150,148.3641006,19.6973742,J095327.38+194150.5,0.76
Obj_4565,22379,EGIPS J075913.8+224904,119.8076609,22.8177961,J075913.84+224904.1,0.76
Obj_15396,69401,EGIPS J223844.8+353226,339.6867735,35.5405807,J223844.83+353226.1,0.76
Obj_9966,1486762,EGIPS J135530.5+153107,208.877341,15.5188349,J135530.56+153107.8,0.76
Obj_7454,1913741,EGIPS J111909.5+304113,169.7897926,30.6870278,J111909.55+304113.3,0.76
Obj_10847,5072405,EGIPS J145419.3+265032,223.5806705,26.8422999,J145419.36+265032.3,0.76
Obj_7230,       ,EGIPS J110759.1-174918,166.9966487,-17.8218724,J110759.20-174918.7,0.76
Obj_11019,91414,EGIPS J150611.4+483748,226.5476036,48.6301001,J150611.42+483748.4,0.76
Obj_9537,47035,EGIPS J132624.8-205043,201.6036198,-20.8455219,J132624.87-205043.9,0.76
Obj_1811,1710658,EGIPS J021934.7+243420,34.8947725,24.5724085,J021934.75+243420.7,0.76
Obj_11173,3844373,EGIPS J151943.3-090446,229.930832,-9.0797129,J151943.40-090447.0,0.76
Obj_1798,1912011,EGIPS J021839.6+303845,34.6652614,30.6459585,J021839.66+303845.5,0.76
Obj_5918,2151492,EGIPS J094247.7+393209,145.6990795,39.5360393,J094247.78+393209.7,0.76
Obj_15469,995772,EGIPS J224339.3-090321,340.9138032,-9.0560359,J224339.31-090321.7,0.76
Obj_6821,4010738,EGIPS J104345.3+580910,160.9390765,58.1529652,J104345.38+580910.7,0.76
Obj_5802,1856306,EGIPS J093436.5+290712,143.6524906,29.1200175,J093436.60+290712.1,0.76
Obj_12494,2263110,EGIPS J165119.6+451941,252.831919,45.3281612,J165119.66+451941.4,0.76
Obj_13130,2807234,EGIPS J175036.2+102802,267.6511333,10.4673364,J175036.27+102802.4,0.75
Obj_6899,91051,EGIPS J104852.6+312216,162.2195227,31.3713667,J104852.69+312216.9,0.75
Obj_15290,5072491,EGIPS J223041.4+222132,337.6727228,22.3590289,J223041.45+222132.5,0.75
Obj_1895,9321,EGIPS J022700.4-024141,36.7517539,-2.6947942,J022700.42-024141.3,0.75
Obj_13219,91615,EGIPS J175919.0+580350,269.8293308,58.0639574,J175919.04+580350.2,0.75
Obj_8761,5072517,EGIPS J123843.5+101039,189.6814063,10.1775197,J123843.54+101039.1,0.75
Obj_5535,1571939,EGIPS J091426.4+185015,138.6101979,18.83765,J091426.45+185015.5,0.75
Obj_9278,1012906,EGIPS J130900.4-074748,197.2519475,-7.7968718,J130900.47-074748.7,0.75
Obj_4365,21697,EGIPS J074448.5+585846,116.2023935,58.9794455,J074448.57+585846.0,0.75
Obj_9012,745719,EGIPS J125411.5-280634,193.5480938,-28.1096279,J125411.54-280634.7,0.75
Obj_603,1650386,EGIPS J004404.0+212721,11.0169825,21.4558834,J004404.08+212721.2,0.75
Obj_14401,942315,EGIPS J210156.8-130816,315.4867721,-13.1378061,J210156.83-130816.1,0.75
Obj_10405,91358,EGIPS J142430.3-141636,216.1264023,-14.2767653,J142430.34-141636.4,0.75
Obj_5733,90918,EGIPS J092800.0+363218,142.0002799,36.5383477,J092800.07+363218.1,0.75
Obj_11273,1255086,EGIPS J152721.6+033522,231.8401372,3.5895453,J152721.63+033522.4,0.75
Obj_368,1066339,EGIPS J002847.8-034944,7.199357,-3.8289074,J002847.85-034944.1,0.75
Obj_12145,3499029,EGIPS J162619.2+392335,246.580185,39.3931717,J162619.24+392335.4,0.75
Obj_16398,1959008,EGIPS J235659.9+314055,359.2496146,31.6822123,J235659.91+314056.0,0.75
Obj_2768,2817401,EGIPS J034808.5+663536,57.0354625,66.5935344,J034808.51+663536.7,0.75
Obj_3704,1707754,EGIPS J063016.2+242727,97.5676038,24.4576726,J063016.22+242727.6,0.75
Obj_5392,2024715,EGIPS J090256.9+330850,135.737399,33.1472716,J090256.98+330850.2,0.75
Obj_9378,46111,EGIPS J131526.4-024032,198.8601775,-2.6756728,J131526.44-024032.4,0.75
Obj_10701,1407429,EGIPS J144359.1+121909,220.9963575,12.3193883,J144359.13+121909.8,0.75
Obj_4452,22032,EGIPS J075155.7+271811,117.9821249,27.303074,J075155.71+271811.1,0.75
Obj_10374,1660203,EGIPS J142229.7+215559,215.6239208,21.9331009,J142229.74+215559.2,0.75
Obj_3078,90719,EGIPS J043731.3-030614,69.3805361,-3.103912,J043731.33-030614.1,0.75
Obj_1610,1020632,EGIPS J020337.2-072020,30.9050519,-7.3391091,J020337.21-072020.8,0.75
Obj_2600,2214400,EGIPS J032838.6+430949,52.1611621,43.163865,J032838.68+430949.9,0.75
Obj_12294,1762924,EGIPS J163616.9+260630,249.0707226,26.1085597,J163616.97+260630.8,0.75
Obj_12580,1454260,EGIPS J165847.5+141711,254.6979267,14.286531,J165847.50+141711.5,0.75
Obj_1925,90614,EGIPS J022858.8-052322,37.2450583,-5.3895482,J022858.81-052322.4,0.74
Obj_118,670,EGIPS J000919.5+003557,2.3313604,0.59927,J000919.53+003557.4,0.74
Obj_2987,90711,EGIPS J042514.8+045901,66.312038,4.9837669,J042514.89+045901.6,0.74
Obj_3720,2292348,EGIPS J063335.0+470601,98.396104,47.100371,J063335.06+470601.3,0.74
Obj_8262,1742504,EGIPS J120821.3+253608,182.0888181,25.6022707,J120821.32+253608.2,0.74
Obj_15828,1448293,EGIPS J231330.3+140349,348.3765359,14.0637887,J231330.37+140349.6,0.74
Obj_5294,25000,EGIPS J085419.8+542728,133.5826667,54.4579091,J085419.84+542728.5,0.74
Obj_14687,1023723,EGIPS J213725.2-070856,324.355063,-7.1490543,J213725.22-070856.6,0.74
Obj_15163,       ,EGIPS J221913.6-161939,334.8069604,-16.3275358,J221913.67-161939.1,0.74
Obj_9835,159443,EGIPS J134648.5-144736,206.7024554,-14.7933538,J134648.59-144736.1,0.74
Obj_15419,1146855,EGIPS J224033.2-001752,340.1384466,-0.2978689,J224033.23-001752.3,0.74
Obj_4058,1580641,EGIPS J071322.2+190614,108.3428468,19.1039323,J071322.28+190614.2,0.74
Obj_8592,2169388,EGIPS J122815.6+404056,187.0653973,40.6824464,J122815.70+404056.8,0.74
Obj_5072,2355167,EGIPS J083616.1+495040,129.0674906,49.8445078,J083616.20+495040.2,0.74
Obj_3629,716542,EGIPS J061301.1-302951,93.2549932,-30.4977143,J061301.20-302951.8,0.74
Obj_2029,5058887,EGIPS J023731.3+312300,39.3807271,31.3835378,J023731.37+312300.7,0.74
Obj_2533,       ,EGIPS J032154.6-053728,50.4777731,-5.6245379,J032154.67-053728.3,0.74
Obj_798,3535,EGIPS J005909.2-134550,14.7884623,-13.7639815,J005909.23-134550.3,0.74
Obj_7635,984982,EGIPS J113013.1-095402,172.5548111,-9.9006311,J113013.15-095402.3,0.74
Obj_4555,1427793,EGIPS J075834.9+131832,119.6454554,13.3089549,J075834.91+131832.2,0.74
Obj_4041,1690230,EGIPS J071203.9+233604,108.0164116,23.6012472,J071203.94+233604.5,0.74
Obj_8937,865957,EGIPS J125004.8-183655,192.5200721,-18.6153566,J125004.82-183655.3,0.74
Obj_7905,1340249,EGIPS J114553.0+080908,176.4710083,8.1524537,J114553.04+080908.8,0.74
Obj_6813,142979,EGIPS J104302.4+251041,160.7602142,25.1782788,J104302.45+251041.8,0.74
Obj_5569,90908,EGIPS J091658.6-062232,139.2444103,-6.37569,J091658.66-062232.5,0.73
Obj_3162,146549,EGIPS J044913.8+020015,72.3075249,2.0044198,J044913.81+020015.9,0.73
Obj_5699,1004019,EGIPS J092441.5-082455,141.173127,-8.4155434,J092441.55-082456.0,0.73
Obj_287,2085849,EGIPS J002217.0+364344,5.5710363,36.7291355,J002217.05+364344.9,0.73
Obj_12669,2398958,EGIPS J170411.5+514324,256.0481848,51.7235219,J170411.56+514324.7,0.73
Obj_5981,154306,EGIPS J094741.3-110206,146.9223519,-11.0350558,J094741.36-110206.2,0.73
Obj_15142,1371249,EGIPS J221735.5+095220,334.3982911,9.8724178,J221735.59+095220.7,0.73
Obj_2526,1772577,EGIPS J032121.6+262034,50.340019,26.3429398,J032121.60+262034.6,0.73
Obj_8201,3781859,EGIPS J120419.7+384313,181.082127,38.7204272,J120419.71+384313.5,0.73
Obj_1874,       ,EGIPS J022501.3-103534,36.2554831,-10.5930167,J022501.32-103534.9,0.73
Obj_2774,3667290,EGIPS J034855.8+061953,57.2328497,6.3314359,J034855.88+061953.2,0.73
Obj_7382,2739729,EGIPS J111535.3+705748,168.8974876,70.9633418,J111535.40+705748.0,0.73
Obj_2756,13819,EGIPS J034635.3-200356,56.6474813,-20.0657556,J034635.40-200356.7,0.73
Obj_13096,91610,EGIPS J174811.5+530908,267.0482189,53.1522334,J174811.57+530908.0,0.73
Obj_12424,1116299,EGIPS J164537.2-013217,251.405135,-1.5383248,J164537.23-013218.0,0.73
Obj_15985,1668038,EGIPS J232557.4+222009,351.4892392,22.3359094,J232557.42+222009.3,0.73
Obj_13055,2437134,EGIPS J174422.5+531755,266.09378,53.2987888,J174422.51+531755.6,0.73
Obj_2198,10766,EGIPS J025017.7-083549,42.5738615,-8.5971554,J025017.73-083549.8,0.73
Obj_9849,2588474,EGIPS J134741.8+591609,206.9242817,59.2692297,J134741.83+591609.2,0.73
Obj_13386,2186609,EGIPS J181828.8+414629,274.6202543,41.7748476,J181828.86+414629.5,0.73
Obj_9811,2757301,EGIPS J134505.6+734057,206.2736422,73.6827356,J134505.67+734057.8,0.73
Obj_10304,2085539,EGIPS J141637.1+364238,214.1548887,36.7107497,J141637.17+364238.7,0.73
Obj_15289,69024,EGIPS J223035.3-243644,337.6474731,-24.6123749,J223035.39-243644.5,0.73
Obj_6749,91035,EGIPS J103915.7+694523,159.8157826,69.7566081,J103915.79+694523.8,0.73
Obj_14500,66396,EGIPS J211422.3+151439,318.5929429,15.2441948,J211422.31+151439.1,0.73
Obj_756,1026519,EGIPS J005553.6-065708,13.9736835,-6.9523662,J005553.68-065708.5,0.73
Obj_15187,944952,EGIPS J222140.1-125820,335.4171438,-12.9722246,J222140.11-125820.0,0.73
Obj_11656,1374038,EGIPS J155713.4+100350,239.3058738,10.0639787,J155713.41+100350.3,0.72
Obj_12354,3501278,EGIPS J164118.8+331704,250.3283673,33.2846947,J164118.81+331704.9,0.72
Obj_14150,64857,EGIPS J203050.7+080529,307.7114814,8.0915268,J203050.76+080529.5,0.72
Obj_6125,28750,EGIPS J095727.7-135130,149.3654266,-13.8583655,J095727.70-135130.1,0.72
Obj_7751,1079927,EGIPS J113627.3-025507,174.1141424,-2.9188428,J113627.39-025507.8,0.72
Obj_4782,90832,EGIPS J081502.9+631542,123.7624134,63.2618467,J081502.98+631542.6,0.72
Obj_9357,92389,EGIPS J131416.5-174258,198.5688225,-17.716384,J131416.52-174259.0,0.72
Obj_1727,       ,EGIPS J021338.4-250600,33.410282,-25.1002155,J021338.47-250600.8,0.72
Obj_14654,1095823,EGIPS J213315.5-021816,323.3149223,-2.3046828,J213315.58-021816.9,0.72
Obj_6170,1770428,EGIPS J095956.3+261714,149.9849042,26.2872547,J095956.38+261714.1,0.72
Obj_7111,91072,EGIPS J110036.7+343847,165.1532853,34.6463981,J110036.79+343847.0,0.72
Obj_7490,993762,EGIPS J112124.3-091304,170.3515913,-9.2178352,J112124.38-091304.2,0.72
Obj_11479,55905,EGIPS J154407.1+471740,236.0296091,47.2946519,J154407.11+471740.7,0.72
Obj_5704,90916,EGIPS J092456.9+241632,141.2373127,24.2756769,J092456.96+241632.4,0.72
Obj_11665,56500,EGIPS J155750.3-222939,239.4599706,-22.4943619,J155750.39-222939.7,0.72
Obj_8025,1217284,EGIPS J115339.5+020833,178.4148245,2.1425764,J115339.56+020833.3,0.72
Obj_5776,27072,EGIPS J093200.7+482146,143.0030998,48.3629585,J093200.74+482146.7,0.71
Obj_15052,855663,EGIPS J221101.3-192430,332.7556241,-19.4084421,J221101.35-192430.4,0.71
Obj_11392,91461,EGIPS J153722.5+351429,234.3440781,35.241485,J153722.58+351429.3,0.71
Obj_15417,913504,EGIPS J224014.6-151553,340.0609823,-15.2648719,J224014.64-151553.5,0.71
Obj_1910,9391,EGIPS J022812.0+433525,37.0503588,43.5903751,J022812.09+433525.4,0.71
Obj_1126,5000,EGIPS J012232.6-295856,20.6362493,-29.9823866,J012232.70-295856.6,0.71
Obj_7003,2089816,EGIPS J105444.5+365637,163.6856768,36.9437449,J105444.56+365637.5,0.71
Obj_3135,15986,EGIPS J044635.7+700713,71.6491217,70.1204445,J044635.79+700713.6,0.71
Obj_5301,1483276,EGIPS J085456.8+152313,133.7366883,15.3871999,J085456.81+152313.9,0.71
Obj_16178,982448,EGIPS J234127.6-100540,355.3652456,-10.0946232,J234127.66-100540.6,0.71
Obj_5543,1393902,EGIPS J091448.2+112720,138.7009117,11.4556516,J091448.22+112720.3,0.71
Obj_14685,4667614,EGIPS J213703.2+302122,324.2635392,30.3562217,J213703.25+302122.4,0.71
Obj_8379,2308274,EGIPS J121532.2+475914,183.8842829,47.9873491,J121532.23+475914.5,0.71
Obj_1712,914503,EGIPS J021204.4-151134,33.018546,-15.1928196,J021204.45-151134.2,0.71
Obj_8248,1456225,EGIPS J120731.3+142200,181.8806591,14.3667314,J120731.36+142200.2,0.71
Obj_3474,828353,EGIPS J053740.5-212601,84.4190332,-21.4336478,J053740.57-212601.1,0.71
Obj_2649,1047156,EGIPS J033345.7-051524,53.4407715,-5.2569209,J033345.79-051524.9,0.71
Obj_16199,1274468,EGIPS J234237.8+045203,355.6577763,4.8676622,J234237.87+045203.6,0.71
Obj_2607,925322,EGIPS J032903.7-142251,52.2656382,-14.3808762,J032903.75-142251.2,0.71
Obj_16219,72279,EGIPS J234432.8+084948,356.1368018,8.8300863,J234432.83+084948.3,0.71
Obj_11832,92996,EGIPS J160739.0+121532,241.9127701,12.2590699,J160739.06+121532.7,0.71
Obj_15841,70805,EGIPS J231453.1+231658,348.7213648,23.2830355,J231453.13+231658.9,0.71
Obj_8906,2146331,EGIPS J124834.6+391507,192.1442194,39.2520706,J124834.61+391507.5,0.71
Obj_12361,2118793,EGIPS J164140.5+380810,250.4187739,38.1362608,J164140.51+380810.5,0.71
Obj_3302,16772,EGIPS J050732.0-113908,76.883367,-11.6524068,J050732.01-113908.7,0.71
Obj_2053,1084974,EGIPS J024000.0-024158,40.0001386,-2.6997011,J024000.03-024158.9,0.71
Obj_11551,1379567,EGIPS J154939.3+102628,237.4138797,10.4413173,J154939.33+102628.7,0.71
Obj_7650,1171031,EGIPS J113101.2+003737,172.755225,0.6270547,J113101.25+003737.4,0.71
Obj_11421,91466,EGIPS J153945.9+415224,234.9414026,41.8734427,J153945.94+415224.4,0.71
Obj_9267,100335,EGIPS J130826.9+340419,197.1123685,34.0719533,J130826.97+340419.0,0.71
Obj_15221,3370618,EGIPS J222443.2-085054,336.1800937,-8.8483523,J222443.22-085054.1,0.71
Obj_12777,1799422,EGIPS J171525.5+270921,258.8564702,27.1558508,J171525.55+270921.1,0.71
Obj_5485,3455025,EGIPS J091035.7+471022,137.6488542,47.1728328,J091035.73+471022.2,0.7
Obj_6338,90994,EGIPS J101045.4+331654,152.6894158,33.281939,J101045.46+331655.0,0.7
Obj_10003,1121702,EGIPS J135814.2-011848,209.5595829,-1.3135008,J135814.30-011848.6,0.7
Obj_16223,1014336,EGIPS J234444.4-074228,356.1854131,-7.7078463,J234444.50-074228.2,0.7
Obj_12045,2398003,EGIPS J161950.7+514008,244.9615811,51.669027,J161950.78+514008.5,0.7
Obj_7018,789924,EGIPS J105531.2-242630,163.8800573,-24.4418213,J105531.21-242630.6,0.7
Obj_3248,788129,EGIPS J050119.3-243622,75.3307158,-24.6062945,J050119.37-243622.7,0.7
Obj_1584,90580,EGIPS J020057.8+343452,30.2410674,34.5812523,J020057.86+343452.5,0.7
Obj_10002,1465364,EGIPS J135812.9+144304,209.5537976,14.7180047,J135812.91+144304.8,0.7
Obj_11057,1272035,EGIPS J150932.7+044218,227.3865195,4.705148,J150932.76+044218.5,0.7
Obj_10294,92440,EGIPS J141521.1-220738,213.8382393,-22.1274252,J141521.18-220738.7,0.7
Obj_6547,1723083,EGIPS J102518.8+250115,156.3285608,25.0209704,J102518.85+250115.5,0.7
Obj_13695,2662521,EGIPS J191347.2+635519,288.4466822,63.9220371,J191347.20+635519.3,0.7
Obj_7598,3140038,EGIPS J112742.1+654423,171.9256804,65.7397381,J112742.16+654423.1,0.7
Obj_15199,1267217,EGIPS J222226.9+042148,335.6121996,4.3633491,J222226.93+042148.1,0.7
Obj_6109,28700,EGIPS J095635.9+203843,149.1497387,20.6454728,J095635.94+203843.7,0.7
Obj_8339,4002065,EGIPS J121252.3+481820,183.2179501,48.3058269,J121252.31+481821.0,0.7
Obj_10951,1399938,EGIPS J150219.9+115143,225.5829243,11.8621426,J150219.90+115143.7,0.7
Obj_571,90495,EGIPS J004146.3-022027,10.4431619,-2.3410763,J004146.36-022027.9,0.7
Obj_11494,55959,EGIPS J154528.9+263611,236.3708248,26.603181,J154529.00+263611.5,0.7
Obj_12459,59027,EGIPS J164823.5+535954,252.0982663,53.9985901,J164823.58+535954.9,0.7
Obj_3380,142818,EGIPS J051933.3+052545,79.8890766,5.4292209,J051933.38+052545.2,0.7
Obj_9844,48890,EGIPS J134719.6+724046,206.8319815,72.6795939,J134719.68+724046.5,0.7
Obj_9129,214053,EGIPS J130042.2+394707,195.1761444,39.7854742,J130042.27+394707.7,0.7
Obj_8432,91189,EGIPS J121902.5-155739,184.760525,-15.9609492,J121902.53-155739.4,0.7
Obj_740,90513,EGIPS J005504.4-125911,13.7686823,-12.9864723,J005504.48-125911.3,0.7
Obj_1515,2336503,EGIPS J015556.7+491239,28.9865818,49.2110404,J015556.78+491239.7,0.7
Obj_13019,1543886,EGIPS J174032.3+175158,265.1349178,17.866192,J174032.38+175158.3,0.7
Obj_7316,2194671,EGIPS J111235.0+421328,168.1460488,42.2245012,J111235.05+421328.2,0.69
Obj_578,172758,EGIPS J004156.1-283043,10.4841512,-28.5122196,J004156.20-283044.0,0.69
Obj_293,1114914,EGIPS J002242.3-013600,5.6763688,-1.6000682,J002242.33-013600.2,0.69
Obj_224,1802210,EGIPS J001713.3+271454,4.3057572,27.2484437,J001713.38+271454.4,0.69
Obj_15061,872599,EGIPS J221138.4-180637,332.9100491,-18.1103837,J221138.41-180637.4,0.69
Obj_11804,1933311,EGIPS J160605.6+310810,241.5235641,31.1362713,J160605.66+310810.6,0.69
Obj_2347,1816039,EGIPS J030352.6+274254,45.9693424,27.7150457,J030352.64+274254.2,0.69
Obj_2031,91982,EGIPS J023742.6-235848,39.4275614,-23.9800219,J023742.61-235848.1,0.69
Obj_8091,37591,EGIPS J115720.8+251141,179.3367379,25.1949842,J115720.82+251141.9,0.69
Obj_2961,3677754,EGIPS J042216.1+093414,65.5671594,9.570748,J042216.12+093414.7,0.69
Obj_6067,82555,EGIPS J095312.4+450851,148.3018887,45.1475343,J095312.45+450851.1,0.69
Obj_3958,2287385,EGIPS J070503.6+464805,106.2651574,46.8016534,J070503.64+464806.0,0.69
Obj_9004,2282195,EGIPS J125347.5+462942,193.4480369,46.4950507,J125347.53+462942.2,0.69
Obj_790,1190966,EGIPS J005834.1+011839,14.642343,1.3109443,J005834.16+011839.4,0.69
Obj_12951,91600,EGIPS J173250.0+515347,263.2083944,51.896481,J173250.01+515347.3,0.69
Obj_10419,51515,EGIPS J142535.2-271852,216.3966868,-27.3145436,J142535.20-271852.4,0.68
Obj_9315,91263,EGIPS J131114.7-202228,197.8114299,-20.3746408,J131114.74-202228.7,0.68
Obj_7810,1210116,EGIPS J114006.5+015456,175.0273515,1.9157552,J114006.56+015456.7,0.68
Obj_15974,999501,EGIPS J232459.6-084553,351.2484785,-8.7647706,J232459.63-084553.2,0.68
Obj_9630,47594,EGIPS J133206.2-280923,203.026087,-28.156636,J133206.26-280923.9,0.68
Obj_11496,916494,EGIPS J154538.0-150238,236.4084018,-15.0440474,J154538.02-150238.6,0.68
Obj_7356,34247,EGIPS J111429.1+222923,168.6214924,22.4898901,J111429.16+222923.6,0.68
Obj_1319,6045,EGIPS J013803.5+322938,24.5146818,32.4940623,J013803.52+322938.6,0.68
Obj_3612,2790335,EGIPS J060745.4+860520,91.9392126,86.0889141,J060745.41+860520.1,0.68
Obj_2627,3097248,EGIPS J033119.7-135434,52.8322976,-13.9095358,J033119.75-135434.3,0.68
Obj_6651,31093,EGIPS J103150.6+205532,157.9611105,20.9256574,J103150.67+205532.4,0.68
Obj_1502,100157,EGIPS J015438.6+345009,28.660867,34.8358889,J015438.61+345009.2,0.68
Obj_6504,1042003,EGIPS J102209.4-053918,155.5393725,-5.655061,J102209.45-053918.2,0.68
Obj_9428,46396,EGIPS J131854.3-054729,199.7262713,-5.7914143,J131854.31-054729.1,0.68
Obj_6686,1624987,EGIPS J103443.4+202137,158.6809627,20.3605446,J103443.43+202138.0,0.68
Obj_6973,2105242,EGIPS J105253.9+373714,163.2247245,37.6205921,J105253.93+373714.1,0.68
Obj_9212,4354001,EGIPS J130455.5+163455,196.2316343,16.5820709,J130455.59+163455.5,0.68
Obj_7559,92318,EGIPS J112417.7-195436,171.0739,-19.9100158,J112417.74-195436.1,0.68
Obj_9016,91238,EGIPS J125418.3+784815,193.576299,78.8043756,J125418.31+784815.8,0.68
Obj_12995,1469799,EGIPS J173706.6+145332,264.2775292,14.8924981,J173706.61+145333.0,0.68
Obj_11504,847758,EGIPS J154619.1-195907,236.5796131,-19.9854808,J154619.11-195907.7,0.68
Obj_5682,3741644,EGIPS J092345.4+131641,140.9395561,13.2782111,J092345.49+131641.6,0.68
Obj_8621,1006946,EGIPS J122928.0-081132,187.3669117,-8.1922958,J122928.06-081132.3,0.68
Obj_10067,91332,EGIPS J140230.6+115116,210.6276498,11.854499,J140230.64+115116.2,0.68
Obj_7567,91115,EGIPS J112455.3+561739,171.2308212,56.2943928,J112455.40+561739.8,0.68
Obj_8614,1379155,EGIPS J122904.5+102443,187.2689076,10.4120803,J122904.54+102443.5,0.68
Obj_8473,39984,EGIPS J122145.6+255304,185.4402279,25.8846797,J122145.65+255304.8,0.67
Obj_10446,1582028,EGIPS J142721.8+190840,216.8410604,19.1445584,J142721.85+190840.4,0.67
Obj_9319,1043485,EGIPS J131137.6-053206,197.9067488,-5.5350498,J131137.62-053206.2,0.67
Obj_4816,90835,EGIPS J081709.1+560250,124.2882486,56.0474913,J081709.18+560251.0,0.67
Obj_7563,1295920,EGIPS J112428.9+061035,171.1205947,6.1764069,J112428.94+061035.1,0.67
Obj_4000,2591022,EGIPS J070848.0+592920,107.2002976,59.4890682,J070848.07+592920.6,0.67
Obj_4172,5072271,EGIPS J072322.1+133057,110.8421474,13.5160998,J072322.12+133058.0,0.67
Obj_15234,2026052,EGIPS J222635.7+331142,336.64875,33.1950441,J222635.70+331142.2,0.67
Obj_1348,2102682,EGIPS J014118.2+373105,25.3258819,37.5182501,J014118.21+373105.7,0.67
Obj_379,90480,EGIPS J002925.9+433214,7.3580664,43.5373232,J002925.94+433214.4,0.67
Obj_129,960091,EGIPS J000954.0-115510,2.4751815,-11.9195007,J000954.04-115510.2,0.67
Obj_10319,2287215,EGIPS J141725.7+464732,214.3573178,46.7924798,J141725.76+464732.9,0.67
Obj_4184,18977,EGIPS J072435.9+060857,111.1497169,6.1493327,J072435.93+060857.6,0.67
Obj_14864,3952764,EGIPS J215506.8+214317,328.7787008,21.7215946,J215506.89+214317.7,0.67
Obj_7463,1174286,EGIPS J111949.1+004435,169.9545943,0.7432262,J111949.10+004435.6,0.67
Obj_2162,2068054,EGIPS J024740.9+353952,41.9205582,35.6644775,J024740.93+353952.1,0.67
Obj_15175,780683,EGIPS J222044.4-251701,335.1850714,-25.283686,J222044.42-251701.3,0.67
Obj_3812,19632,EGIPS J064808.4+333425,102.0350907,33.5738468,J064808.42+333425.8,0.67
Obj_6307,1022509,EGIPS J100824.0-071324,152.1002643,-7.2235934,J100824.06-071324.9,0.67
Obj_9228,45309,EGIPS J130546.7+462742,196.4446307,46.4618113,J130546.71+462742.5,0.67
Obj_5315,2076759,EGIPS J085534.1+361232,133.8922598,36.2091307,J085534.14+361232.9,0.67
Obj_7721,1073058,EGIPS J113452.1-031842,173.7172272,-3.3117829,J113452.13-031842.4,0.67
Obj_1099,3128080,EGIPS J012049.6+151818,20.2068987,15.3051394,J012049.66+151818.5,0.67
Obj_9074,44321,EGIPS J125726.8+412823,194.3617512,41.4732834,J125726.82+412823.8,0.67
Obj_10308,1283147,EGIPS J141654.6+052508,214.2275197,5.419073,J141654.60+052508.7,0.67
Obj_6524,3465372,EGIPS J102337.9+060650,155.9079953,6.1139363,J102337.92+060650.2,0.67
Obj_11,1457443,EGIPS J000052.8+142448,0.2203657,14.4136085,J000052.89+142449.0,0.67
Obj_9423,861860,EGIPS J131842.6-185615,199.6776826,-18.9377676,J131842.64-185616.0,0.66
Obj_3903,4666938,EGIPS J065919.0+212647,104.8292418,21.4464871,J065919.02+212647.4,0.66
Obj_12801,91589,EGIPS J171720.4+250719,259.3352979,25.1220025,J171720.47+250719.2,0.66
Obj_16405,73036,EGIPS J235731.9-220003,359.3832433,-22.0008883,J235731.98-220003.2,0.66
Obj_2122,3643491,EGIPS J024458.2+043851,41.2427023,4.6476959,J024458.25+043851.7,0.66
Obj_26,91844,EGIPS J000216.6+025412,0.5694017,2.9035798,J000216.66+025412.9,0.66
Obj_1909,2177443,EGIPS J022811.0+411247,37.0462134,41.2132584,J022811.09+411247.7,0.66
Obj_9802,1600356,EGIPS J134435.7+193852,206.1491134,19.647832,J134435.79+193852.2,0.66
Obj_1382,2160213,EGIPS J014449.9+400439,26.2079647,40.0777103,J014449.91+400439.8,0.66
Obj_9693,875221,EGIPS J133607.8-175550,204.0326678,-17.9308285,J133607.84-175551.0,0.66
Obj_12687,2307603,EGIPS J170548.2+475717,256.4508796,47.9547763,J170548.21+475717.2,0.66
Obj_3743,1685550,EGIPS J063744.5+231957,99.4355437,23.3326059,J063744.53+231957.4,0.66
Obj_5934,90937,EGIPS J094402.2+682212,146.009556,68.3702164,J094402.29+682212.8,0.66
Obj_9215,91250,EGIPS J130507.1+115452,196.2796789,11.9146287,J130507.12+115452.7,0.66
Obj_11985,91513,EGIPS J161555.4+164703,243.9808979,16.7843134,J161555.42+164703.5,0.66
Obj_10115,935772,EGIPS J140515.8-133558,211.3162291,-13.5997106,J140515.89-133559.0,0.66
Obj_9234,91253,EGIPS J130614.1+013030,196.5588765,1.5084547,J130614.13+013030.4,0.66
Obj_10355,51222,EGIPS J142001.8+353916,215.0076555,35.6544998,J142001.84+353916.2,0.66
Obj_4241,1706869,EGIPS J073200.3+242507,113.001422,24.4188266,J073200.34+242507.8,0.66
Obj_5157,2672793,EGIPS J084231.1+645448,130.6299865,64.9135061,J084231.20+645448.6,0.66
Obj_1320,91947,EGIPS J013803.6-242510,24.51513,-24.419588,J013803.63-242510.5,0.66
Obj_10711,792602,EGIPS J144435.7-241128,221.149072,-24.1912139,J144435.78-241128.4,0.66
Obj_10325,3823622,EGIPS J141745.4+590408,214.4393493,59.0689215,J141745.44+590408.1,0.66
Obj_16289,72532,EGIPS J234935.2-182606,357.3967016,-18.4350297,J234935.21-182606.1,0.66
Obj_15779,1657890,EGIPS J230915.6+214902,347.3151877,21.8173557,J230915.65+214902.5,0.66
Obj_15325,778551,EGIPS J223325.5-252830,338.3562816,-25.4752601,J223325.51-252830.9,0.66
Obj_5680,2578091,EGIPS J092343.5+582314,140.9314411,58.3872764,J092343.55+582314.2,0.66
Obj_928,1001050,EGIPS J010753.5-083842,16.9732698,-8.6451581,J010753.58-083842.6,0.65
Obj_4095,2277057,EGIPS J071624.6+461150,109.1025759,46.1974039,J071624.62+461150.7,0.65
Obj_2007,2121168,EGIPS J023543.3+381320,38.9306091,38.2224785,J023543.35+381320.9,0.65
Obj_10911,1871572,EGIPS J145857.0+293601,224.7375837,29.6004855,J145857.02+293601.7,0.65
Obj_10844,1549773,EGIPS J145405.8+180509,223.5244774,18.085972,J145405.87+180509.5,0.65
Obj_1481,1052680,EGIPS J015236.7-045050,28.1531378,-4.8474669,J015236.75-045050.9,0.65
Obj_8878,1264395,EGIPS J124624.1+040945,191.6005032,4.1627425,J124624.12+040945.9,0.65
Obj_8754,3551080,EGIPS J123826.9+121256,189.6123022,12.2155575,J123826.95+121256.0,0.65
Obj_23,91842,EGIPS J000210.1-053039,0.5422903,-5.5110076,J000210.15-053039.6,0.65
Obj_12735,59769,EGIPS J171105.8+055107,257.774513,5.8519883,J171105.88+055107.2,0.65
Obj_6031,90952,EGIPS J095058.6+375758,147.744503,37.9663561,J095058.68+375758.9,0.65
Obj_9680,780799,EGIPS J133517.1-251621,203.8213816,-25.2727555,J133517.13-251621.9,0.65
Obj_4455,1947002,EGIPS J075204.8+312605,118.0202193,31.4349225,J075204.85+312605.7,0.65
Obj_9699,1711843,EGIPS J133621.5+243658,204.0899765,24.616311,J133621.59+243658.7,0.65
Obj_11326,91453,EGIPS J153125.6-004913,232.8567022,-0.8203035,J153125.61-004913.1,0.65
Obj_11767,5072430,EGIPS J160418.0+105121,241.0752439,10.856,J160418.06+105121.6,0.65
Obj_1977,1241909,EGIPS J023322.4+025737,38.343391,2.960363,J023322.41+025737.3,0.65
Obj_6111,1218246,EGIPS J095641.0+021014,149.1709266,2.1708136,J095641.02+021014.9,0.65
Obj_14752,793785,EGIPS J214432.7-240501,326.1362502,-24.0836841,J214432.70-240501.3,0.65
Obj_10837,1709972,EGIPS J145327.4+243250,223.3643617,24.5473883,J145327.45+243250.6,0.65
Obj_12091,       ,EGIPS J162224.1+642935,245.6007049,64.4931229,J162224.17+642935.2,0.65
Obj_8135,2702704,EGIPS J120013.0+673553,180.0542415,67.5982051,J120013.02+673553.5,0.65
Obj_12028,91520,EGIPS J161836.3+010930,244.6513835,1.1583878,J161836.33+010930.2,0.65
Obj_6748,155555,EGIPS J103910.7-103347,159.7949526,-10.5632204,J103910.79-103347.6,0.65
Obj_7922,2640948,EGIPS J114649.0+623954,176.7044735,62.6651625,J114649.07+623954.6,0.65
Obj_15969,       ,EGIPS J232435.7+094156,351.1491365,9.6989035,J232435.79+094156.1,0.65
Obj_8787,42475,EGIPS J124049.8+734307,190.2076852,73.7186902,J124049.84+734307.3,0.65
Obj_11248,1010331,EGIPS J152539.2-075740,231.413658,-7.9613283,J152539.28-075740.8,0.64
Obj_13895,       ,EGIPS J194713.4+465714,296.8062048,46.9539938,J194713.49+465714.4,0.64
Obj_14695,1557640,EGIPS J213800.0+182205,324.5002337,18.3681786,J213800.06+182205.4,0.64
Obj_12672,3877113,EGIPS J170419.4+135925,256.0810298,13.9903699,J170419.45+135925.3,0.64
Obj_12358,4007156,EGIPS J164135.4+213109,250.3976109,21.5194389,J164135.43+213110.0,0.64
Obj_8779,1822602,EGIPS J124015.8+275748,190.0659233,27.9635532,J124015.82+275748.8,0.64
Obj_79,1962027,EGIPS J000625.9+314425,1.6079388,31.7403966,J000625.91+314425.4,0.64
Obj_16160,2216468,EGIPS J234032.1+431513,355.134165,43.2536205,J234032.20+431513.0,0.64
Obj_15075,4667644,EGIPS J221239.9+413207,333.1663617,41.5354232,J221239.93+413207.5,0.64
Obj_6894,2518561,EGIPS J104830.0+555414,162.1250707,55.9039098,J104830.02+555414.1,0.64
Obj_7848,4571994,EGIPS J114243.2+303857,175.680076,30.649242,J114243.22+303857.3,0.64
Obj_47,1893913,EGIPS J000344.4+301132,0.9353506,30.1922588,J000344.48+301132.1,0.64
Obj_2597,92027,EGIPS J032802.6-281513,52.0109242,-28.2538534,J032802.62-281513.9,0.64
Obj_184,1866430,EGIPS J001432.0+292633,3.6335978,29.4426942,J001432.06+292633.7,0.64
Obj_1789,90605,EGIPS J021754.5-032333,34.4771666,-3.3925263,J021754.52-032333.1,0.64
Obj_998,90528,EGIPS J011252.4+273150,18.2186307,27.5306231,J011252.47+273150.2,0.64
Obj_653,849197,EGIPS J004832.6-195307,12.1360126,-19.885289,J004832.64-195307.0,0.64
Obj_11973,1315226,EGIPS J161503.3+070947,243.7640405,7.1632876,J161503.37+070947.8,0.64
Obj_4667,1024506,EGIPS J080640.3-070533,121.6683087,-7.0927589,J080640.39-070533.9,0.64
Obj_8400,39391,EGIPS J121715.9+492949,184.316326,49.4971399,J121715.92+492949.7,0.64
Obj_266,       ,EGIPS J002105.9+431800,5.2746805,43.3001721,J002105.92+431800.6,0.64
Obj_14414,857139,EGIPS J210302.1-191805,315.7591083,-19.3014884,J210302.19-191805.4,0.63
Obj_4706,90823,EGIPS J080947.4+623314,122.4476008,62.5539787,J080947.42+623314.3,0.63
Obj_4979,90849,EGIPS J082859.9+560537,127.249617,56.0937522,J082859.91+560537.5,0.63
Obj_10463,51695,EGIPS J142823.3+331513,217.0973143,33.2537092,J142823.36+331513.4,0.63
Obj_2293,996293,EGIPS J025755.6-090102,44.4820209,-9.0173173,J025755.69-090102.3,0.63
Obj_9661,       ,EGIPS J133417.2-100109,203.5717962,-10.0191978,J133417.23-100109.1,0.63
Obj_10610,2397721,EGIPS J143726.7+513915,219.3613506,51.654398,J143726.72+513915.8,0.63
Obj_1276,1072600,EGIPS J013434.7-032035,23.6447275,-3.3431626,J013434.73-032035.4,0.63
Obj_9474,46715,EGIPS J132220.4+202015,200.5853598,20.3376404,J132220.49+202015.5,0.63
Obj_8536,40467,EGIPS J122508.1+042824,186.2839694,4.4734817,J122508.15+042824.5,0.63
Obj_5724,1433874,EGIPS J092653.3+133249,141.7221003,13.5470748,J092653.30+133249.5,0.63
Obj_15116,68420,EGIPS J221528.9+191312,333.8705676,19.2202168,J221528.94+191312.8,0.63
Obj_2178,91991,EGIPS J024913.8-164051,42.307726,-16.680963,J024913.85-164051.5,0.63
Obj_11811,1566445,EGIPS J160616.1+183952,241.5673656,18.6645956,J160616.17+183952.5,0.63
Obj_5024,1422324,EGIPS J083312.3+130429,128.3014129,13.0747958,J083312.34+130429.3,0.63
Obj_1380,90562,EGIPS J014429.3+275535,26.1222367,27.926451,J014429.34+275535.2,0.63
Obj_4468,1633098,EGIPS J075254.3+203946,118.2265797,20.6629571,J075254.38+203946.6,0.63
Obj_3457,844504,EGIPS J053356.0-201409,83.4833335,-20.2359981,J053356.00-201409.6,0.63
Obj_7708,4078848,EGIPS J113400.7-164725,173.50306,-16.7905305,J113400.73-164725.9,0.62
Obj_6939,2762620,EGIPS J105122.6+742916,162.8444843,74.48789,J105122.68+742916.4,0.62
Obj_6996,1037696,EGIPS J105424.8-060112,163.6034015,-6.0200227,J105424.82-060112.1,0.62
Obj_53,170521,EGIPS J000424.8-262239,1.1035874,-26.3775218,J000424.86-262239.1,0.62
Obj_12540,2580378,EGIPS J165531.5+583457,253.8816274,58.5827511,J165531.59+583457.9,0.62
Obj_4099,90775,EGIPS J071637.1+325724,109.1549416,32.9567494,J071637.19+325724.3,0.62
Obj_2693,1547377,EGIPS J033908.2+175951,54.7843208,17.9976632,J033908.24+175951.6,0.62
Obj_14546,1478042,EGIPS J212034.0+151206,320.1417021,15.2018104,J212034.01+151206.5,0.62
Obj_6230,29156,EGIPS J100329.5+130611,150.8730816,13.1032786,J100329.54+130611.8,0.62
Obj_10467,3827056,EGIPS J142832.6+281816,217.1362459,28.3044927,J142832.70+281816.2,0.62
Obj_4134,1804377,EGIPS J071942.1+271908,109.9254741,27.3189441,J071942.11+271908.2,0.62
Obj_3163,913725,EGIPS J044923.0-151449,72.3462467,-15.2470498,J044923.10-151449.4,0.62
Obj_11870,4016359,EGIPS J160938.9+463420,242.412132,46.5723248,J160938.91+463420.4,0.62
Obj_7141,1049445,EGIPS J110238.7-050528,165.661292,-5.0913848,J110238.71-050529.0,0.62
Obj_2736,13736,EGIPS J034451.2+455043,56.2133748,45.8453831,J034451.21+455043.4,0.62
Obj_11735,92480,EGIPS J160204.4-221436,240.5186172,-22.2433618,J160204.47-221436.1,0.62
Obj_13313,61469,EGIPS J180926.0+384741,272.3585465,38.7948978,J180926.05+384741.6,0.62
Obj_388,814815,EGIPS J003025.7-222353,7.6074969,-22.3982839,J003025.80-222353.8,0.61
Obj_12278,1663522,EGIPS J163511.4+220605,248.7976583,22.1014347,J163511.44+220605.2,0.61
Obj_10233,1726169,EGIPS J141219.3+250726,213.0806756,25.1240733,J141219.36+250726.7,0.61
Obj_2333,11471,EGIPS J030233.4+462618,45.6393942,46.4383955,J030233.45+462618.2,0.61
Obj_16049,91807,EGIPS J233217.1-004751,353.0715241,-0.7976786,J233217.17-004751.6,0.61
Obj_6406,91002,EGIPS J101536.6+062051,153.9027578,6.3477044,J101536.66+062051.7,0.61
Obj_15501,741007,EGIPS J224637.0-282942,341.6541898,-28.4952385,J224637.01-282942.9,0.61
Obj_15158,91736,EGIPS J221902.9-162953,334.7622844,-16.4983205,J221902.95-162954.0,0.61
Obj_15626,746353,EGIPS J225743.4-280335,344.4311242,-28.0598276,J225743.47-280335.4,0.61
Obj_9325,91265,EGIPS J131201.1+322406,198.0046464,32.4017365,J131201.12+322406.3,0.61
Obj_6098,90965,EGIPS J095552.1-143146,148.9671384,-14.5295429,J095552.11-143146.4,0.61
Obj_12452,1364911,EGIPS J164749.1+092529,251.9546358,9.4248602,J164749.11+092529.5,0.61
Obj_15000,92723,EGIPS J220702.7-283413,331.7614641,-28.5703648,J220702.75-283413.3,0.61
Obj_483,1034867,EGIPS J003744.5-061558,9.4355268,-6.2663676,J003744.53-061558.9,0.61
Obj_3706,783454,EGIPS J063045.1-250132,97.6882902,-25.0257293,J063045.19-250132.6,0.61
Obj_11635,1331394,EGIPS J155531.7+074820,238.8823083,7.8058193,J155531.75+074820.9,0.61
Obj_14267,       ,EGIPS J204601.6+240751,311.5067251,24.1308531,J204601.61+240751.1,0.61
Obj_3509,       ,EGIPS J054550.7+485802,86.4615105,48.967328,J054550.76+485802.4,0.6
Obj_6014,1383791,EGIPS J094935.1+104422,147.3963308,10.7395728,J094935.12+104422.5,0.6
Obj_15384,948668,EGIPS J223747.0-124257,339.4460289,-12.7158791,J223747.05-124257.2,0.6
Obj_14648,923983,EGIPS J213238.4-142918,323.160351,-14.4885882,J213238.48-142918.9,0.6
Obj_9795,214144,EGIPS J134422.3+555704,206.0931517,55.9513515,J134422.36+555704.9,0.6
Obj_7865,2536053,EGIPS J114319.7+562453,175.8321553,56.414759,J114319.72+562453.1,0.6
Obj_1661,857341,EGIPS J020801.5-191703,32.0063965,-19.284356,J020801.54-191703.7,0.6
Obj_1952,9605,EGIPS J023128.3+184607,37.8680589,18.7686657,J023128.33+184607.2,0.6
Obj_8416,3394379,EGIPS J121803.7+042756,184.5157629,4.4656607,J121803.78+042756.4,0.6
Obj_8854,1331831,EGIPS J124434.2+074917,191.1426103,7.8215731,J124434.23+074917.7,0.6
Obj_10013,3817116,EGIPS J135853.3-234347,209.7222427,-23.7297305,J135853.34-234347.0,0.6
Obj_6635,91019,EGIPS J103109.3+530125,157.7887874,53.0238214,J103109.31+530125.8,0.6
Obj_7940,4001421,EGIPS J114801.2+540019,177.0051979,54.0053272,J114801.25+540019.2,0.6
Obj_2384,3337474,EGIPS J030705.8-010803,46.7744471,-1.1343429,J030705.87-010803.6,0.6
Obj_883,969113,EGIPS J010524.6-111018,16.3526129,-11.1717709,J010524.63-111018.4,0.6
Obj_2027,1093339,EGIPS J023707.9-022339,39.2829332,-2.3943579,J023707.90-022339.7,0.6
Obj_2903,857457,EGIPS J041215.1-191636,63.0629772,-19.2768765,J041215.11-191636.8,0.6
Obj_10513,2152979,EGIPS J143137.5+393715,217.9065907,39.6210874,J143137.58+393715.9,0.6
Obj_15580,1879009,EGIPS J225402.4+294840,343.5102023,29.8111447,J225402.45+294840.1,0.6
Obj_2386,932296,EGIPS J030708.2-135122,46.7843351,-13.856229,J030708.24-135122.4,0.6
Obj_10119,1497167,EGIPS J140523.7+155701,211.348998,15.950327,J140523.76+155701.2,0.6
Obj_1753,90602,EGIPS J021538.5-100455,33.9104902,-10.082154,J021538.52-100455.8,0.6
Obj_10091,2044359,EGIPS J140338.4+340752,210.9101563,34.1311485,J140338.44+340752.1,0.59
Obj_9787,91308,EGIPS J134341.1+545708,205.9213089,54.9523084,J134341.11+545708.3,0.59
Obj_9770,1863923,EGIPS J134224.9+292152,205.6038961,29.3644749,J134224.94+292152.1,0.59
Obj_359,90479,EGIPS J002759.9-073403,6.9999049,-7.5676661,J002759.98-073403.6,0.59
Obj_4805,3728473,EGIPS J081623.6+222259,124.098519,22.3831695,J081623.64+222259.4,0.59
Obj_13423,2398341,EGIPS J182445.9+514116,276.1915193,51.6879923,J182445.96+514116.8,0.59
Obj_3833,       ,EGIPS J065043.4+303405,102.6809034,30.5682407,J065043.42+303405.7,0.59
Obj_9923,890396,EGIPS J135234.2-165954,208.1426641,-16.9984732,J135234.24-165954.5,0.59
Obj_12999,2380162,EGIPS J173732.9+504218,264.3873002,50.7050282,J173732.95+504218.1,0.59
Obj_10801,2807206,EGIPS J145050.2+251927,222.7094828,25.324329,J145050.28+251927.6,0.59
Obj_11039,2077876,EGIPS J150745.8+361633,226.940989,36.2759172,J150745.84+361633.3,0.59
Obj_873,2153055,EGIPS J010445.7+393731,16.1906576,39.6255151,J010445.76+393731.9,0.59
Obj_6522,2186845,EGIPS J102335.6+414717,155.898582,41.7881962,J102335.66+414717.5,0.59
Obj_13474,       ,EGIPS J183230.2+722921,278.1258998,72.4892516,J183230.22+722921.3,0.59
Obj_7343,2201241,EGIPS J111358.3+423310,168.4930523,42.5530166,J111358.33+423310.9,0.59
Obj_3601,818388,EGIPS J060517.5-220930,91.3232019,-22.1584799,J060517.57-220930.5,0.59
Obj_6885,1250177,EGIPS J104747.1+032011,161.9465664,3.3364693,J104747.18+032011.3,0.59
Obj_6699,1721464,EGIPS J103557.6+245753,158.9903359,24.9649762,J103557.68+245753.9,0.59
Obj_10962,4005345,EGIPS J150259.0+361913,225.7460592,36.3204799,J150259.05+361913.7,0.59
Obj_3119,90722,EGIPS J044417.3-040225,71.0723081,-4.0404688,J044417.35-040225.7,0.59
Obj_2901,835895,EGIPS J041208.1-205208,63.0337627,-20.8690279,J041208.10-205208.5,0.59
Obj_12212,3499725,EGIPS J163028.3+323901,247.6182835,32.6503554,J163028.39+323901.3,0.59
Obj_14644,       ,EGIPS J213150.1+023957,322.958963,2.6658594,J213150.15+023957.1,0.59
Obj_6069,3461512,EGIPS J095314.3+085504,148.3097571,8.9180121,J095314.34+085504.8,0.59
Obj_13107,2160677,EGIPS J174859.3+400622,267.2474525,40.106246,J174859.39+400622.5,0.59
Obj_9623,91293,EGIPS J133136.3-112437,202.9013347,-11.4103607,J133136.32-112437.3,0.59
Obj_3792,92209,EGIPS J064436.2-271301,101.1508846,-27.2171727,J064436.21-271301.8,0.59
Obj_1680,798297,EGIPS J020944.0-234042,32.4333415,-23.678353,J020944.00-234042.1,0.59
Obj_1351,937591,EGIPS J014133.1-132805,25.3880162,-13.4681909,J014133.12-132805.5,0.58
Obj_11781,57018,EGIPS J160502.1+134206,241.258902,13.7017241,J160502.14+134206.2,0.58
Obj_5292,3735372,EGIPS J085418.0+290643,133.5752173,29.1121661,J085418.05+290643.8,0.58
Obj_12613,1802605,EGIPS J170104.8+271536,255.2702911,27.2602397,J170104.87+271536.9,0.58
Obj_8838,3794912,EGIPS J124342.2+342257,190.9259748,34.3827679,J124342.23+342258.0,0.58
Obj_15595,1114331,EGIPS J225513.2-013721,343.805359,-1.6227281,J225513.29-013721.8,0.58
Obj_3297,3692955,EGIPS J050637.3+043431,76.6555488,4.5754413,J050637.33+043431.6,0.58
Obj_12671,3877089,EGIPS J170415.2+774030,256.0635216,77.6751006,J170415.25+774030.4,0.58
Obj_14958,1160132,EGIPS J220406.1+001307,331.0255172,0.2187832,J220406.12+001307.6,0.58
Obj_16013,5059568,EGIPS J232840.0+240455,352.1668223,24.0821217,J232840.04+240455.6,0.58
Obj_9309,1524880,EGIPS J131100.3+170639,197.7515719,17.1108457,J131100.38+170639.0,0.58
Obj_10965,855252,EGIPS J150308.4-192613,225.7853962,-19.4370081,J150308.50-192613.2,0.58
Obj_12466,1928104,EGIPS J164900.1+310119,252.2507527,31.0221511,J164900.18+310119.7,0.58
Obj_811,       ,EGIPS J010003.2+310731,15.0133422,31.125491,J010003.20+310731.8,0.58
Obj_11162,3844043,EGIPS J151850.5+044737,229.7108149,4.7937713,J151850.60+044737.6,0.58
Obj_11721,4119830,EGIPS J160120.0+260121,240.3335135,26.0226141,J160120.04+260121.4,0.58
Obj_14955,91725,EGIPS J220352.8-165045,330.9703117,-16.8459127,J220352.87-165045.3,0.58
Obj_10056,1632342,EGIPS J140137.2+203752,210.4054064,20.6313178,J140137.30+203752.7,0.58
Obj_6407,29956,EGIPS J101542.1+071941,153.9254316,7.3283301,J101542.10+071942.0,0.58
Obj_9847,48891,EGIPS J134722.6-303721,206.844443,-30.6226517,J134722.67-303721.5,0.58
Obj_11115,54424,EGIPS J151456.9+011116,228.7374372,1.1879599,J151456.98+011116.7,0.58
Obj_8420,2276325,EGIPS J121822.1+460918,184.5922598,46.1551761,J121822.14+460918.6,0.58
Obj_15951,91796,EGIPS J232242.1+413213,350.675702,41.5371736,J232242.17+413213.8,0.58
Obj_7289,33986,EGIPS J111110.0+003731,167.7920828,0.6254084,J111110.10+003731.5,0.57
Obj_2147,74180,EGIPS J024629.5+365142,41.6231307,36.8616816,J024629.55+365142.1,0.57
Obj_7706,       ,EGIPS J113355.1-133251,173.4797313,-13.5475949,J113355.14-133251.3,0.57
Obj_9968,1508021,EGIPS J135548.8+162421,208.9536908,16.4058786,J135548.89+162421.2,0.57
Obj_2121,10855,EGIPS J025201.9+135411,43.0080707,13.9032474,J025201.94+135411.7,0.57
Obj_14023,       ,EGIPS J200849.6+585220,302.2068371,58.8724129,J200849.64+585220.7,0.57
Obj_10522,1102507,EGIPS J143211.0-020415,218.0460546,-2.070988,J143211.05-020415.6,0.57
Obj_929,       ,EGIPS J010759.4+422552,16.9979111,42.431282,J010759.50+422552.6,0.57
Obj_14166,2591631,EGIPS J203207.5+593233,308.0313187,59.5426053,J203207.52+593233.4,0.57
Obj_8519,91197,EGIPS J122407.3+452604,186.0305413,45.4346438,J122407.33+452604.7,0.57
Obj_11307,1345940,EGIPS J153009.7+082338,232.5406125,8.3939932,J153009.75+082338.4,0.57
Obj_10976,53744,EGIPS J150339.7+420735,225.9154602,42.1264407,J150339.71+420735.2,0.57
Obj_7336,92931,EGIPS J111334.7+092931,168.3946882,9.4921268,J111334.73+092931.7,0.57
Obj_4459,90798,EGIPS J075229.0+603614,118.121093,60.6040715,J075229.06+603614.7,0.57
Obj_1490,90570,EGIPS J015328.0+202934,28.3669221,20.4929161,J015328.06+202934.5,0.57
Obj_16344,91831,EGIPS J235333.6+021501,358.3903442,2.2503375,J235333.68+021501.2,0.57
Obj_6039,213642,EGIPS J095119.3+154114,147.8305579,15.6872983,J095119.33+154114.3,0.57
Obj_9789,3812679,EGIPS J134348.6+162341,205.9526112,16.394843,J134348.63+162341.4,0.57
Obj_14017,1231140,EGIPS J200750.5+023422,301.9605093,2.5728238,J200750.52+023422.2,0.57
Obj_7781,3774457,EGIPS J113842.3+275056,174.6763025,27.8490472,J113842.31+275056.6,0.57
Obj_1656,8107,EGIPS J020730.8-212605,31.8784729,-21.4348159,J020730.83-212605.3,0.57
Obj_2187,1430101,EGIPS J024941.9+132402,42.4247867,13.4007652,J024941.95+132402.8,0.57
Obj_876,996305,EGIPS J010500.2-090057,16.2511583,-9.0160969,J010500.28-090057.9,0.57
Obj_10372,2285808,EGIPS J142219.2+464229,215.5802019,46.7081565,J142219.25+464229.4,0.57
Obj_3389,2387874,EGIPS J052104.0+510422,80.2667294,51.0728908,J052104.02+510422.4,0.57
Obj_6694,1823140,EGIPS J103532.3+275905,158.8849125,27.9847233,J103532.38+275905.0,0.56
Obj_9487,92401,EGIPS J132310.2-263954,200.7927121,-26.6651693,J132310.25-263954.6,0.56
Obj_9650,3809910,EGIPS J133341.9-101036,203.4248285,-10.1767167,J133341.96-101036.2,0.56
Obj_12405,58869,EGIPS J164423.6+585038,251.0985375,58.843922,J164423.65+585038.1,0.56
Obj_11414,91465,EGIPS J153915.5+465011,234.8147926,46.836564,J153915.55+465011.6,0.56
Obj_14707,67109,EGIPS J213926.7+024937,324.8613679,2.8271503,J213926.73+024937.7,0.56
Obj_4669,1023417,EGIPS J080700.4-071010,121.7518635,-7.1695055,J080700.45-071010.2,0.56
Obj_6130,2350701,EGIPS J095747.8+494150,149.4492318,49.6974831,J095747.82+494150.9,0.56
Obj_7665,91129,EGIPS J113144.9+372753,172.9371348,37.4648251,J113144.91+372753.4,0.56
Obj_830,967023,EGIPS J010141.3-112011,15.4222371,-11.3364639,J010141.34-112011.3,0.56
Obj_3768,2445168,EGIPS J064118.9+533505,100.3290069,53.5848329,J064118.96+533505.4,0.56
Obj_4409,21857,EGIPS J074835.1+300915,117.146344,30.1543014,J074835.12+300915.5,0.56
Obj_135,731,EGIPS J001026.3+285916,2.6098556,28.9880224,J001026.37+285916.9,0.56
Obj_9297,886730,EGIPS J131016.6-171326,197.5694983,-17.2241551,J131016.68-171327.0,0.56
Obj_6925,3761497,EGIPS J105043.4+195334,162.6812245,19.8930455,J105043.49+195335.0,0.56
Obj_13669,2260937,EGIPS J190840.3+451229,287.1679646,45.2081998,J190840.31+451229.5,0.55
Obj_1843,921073,EGIPS J022204.5-144217,35.519022,-14.7048052,J022204.57-144217.3,0.55
Obj_10600,909073,EGIPS J143714.0-153540,219.3086586,-15.5945126,J143714.08-153540.2,0.55
Obj_4826,1209226,EGIPS J081745.7+015323,124.4405806,1.8898105,J081745.74+015323.3,0.55
Obj_1684,8287,EGIPS J021011.6+413343,32.5485548,41.5620988,J021011.65+413343.6,0.55
Obj_11841,       ,EGIPS J160807.5+403654,242.0314087,40.6152362,J160807.54+403654.9,0.55
Obj_11366,1268350,EGIPS J153449.9+042652,233.7082096,4.4478422,J153449.97+042652.2,0.55
Obj_6932,1883285,EGIPS J105109.2+295525,162.7883747,29.9238039,J105109.21+295525.7,0.55
Obj_3936,213366,EGIPS J070247.4+370321,105.6975808,37.0558384,J070247.42+370321.0,0.55
Obj_12663,2109208,EGIPS J170358.4+374630,255.9935528,37.7752638,J170358.45+374630.9,0.55
Obj_12564,2307390,EGIPS J165723.2+475635,254.3470498,47.9431307,J165723.29+475635.3,0.55
Obj_9876,1236490,EGIPS J134909.8+024511,207.290841,2.7532695,J134909.80+024511.8,0.55
Obj_7175,1832094,EGIPS J110436.8+281825,166.1536916,28.3071022,J110436.89+281825.6,0.55
Obj_13416,61824,EGIPS J182402.4+651823,276.0102913,65.3064207,J182402.47+651823.1,0.55
Obj_9285,92384,EGIPS J130921.2-221352,197.3384682,-22.231352,J130921.23-221352.9,0.55
Obj_4371,90794,EGIPS J074504.7+121321,116.269643,12.2227758,J074504.71+121322.0,0.55
Obj_1498,872641,EGIPS J015404.7-180626,28.5198947,-18.107386,J015404.77-180626.6,0.55
Obj_2111,3643301,EGIPS J024427.8+293359,41.1159529,29.5664865,J024427.83+293359.4,0.55
Obj_4959,1047761,EGIPS J082748.4-051238,126.9519231,-5.2107834,J082748.46-051238.8,0.55
Obj_12646,2026200,EGIPS J170308.5+331201,255.7857625,33.2003306,J170308.58+331201.2,0.55
Obj_666,2889,EGIPS J004935.6+010656,12.3986638,1.1157434,J004935.68+010656.7,0.55
Obj_9616,1394376,EGIPS J133100.1+112918,202.7505143,11.4883737,J133100.12+112918.1,0.54
Obj_5959,770190,EGIPS J094553.7-261307,146.4737908,-26.2186661,J094553.71-261307.2,0.54
Obj_13981,2753675,EGIPS J200144.6+730728,300.4358363,73.1244922,J200144.60+730728.2,0.54
Obj_10146,1364369,EGIPS J140641.6+092314,211.6733457,9.3872748,J140641.60+092314.2,0.54
Obj_15329,3964798,EGIPS J223341.5+253535,338.4230574,25.593234,J223341.53+253535.6,0.54
Obj_3951,2104088,EGIPS J070408.2+373426,106.034403,37.5740133,J070408.26+373426.4,0.54
Obj_4454,90799,EGIPS J075159.6+174527,117.9983882,17.7577125,J075159.61+174527.8,0.54
Obj_4745,1346409,EGIPS J081255.2+082504,123.2300656,8.4179872,J081255.22+082504.8,0.54
Obj_10999,3563349,EGIPS J150502.8+391943,226.2616809,39.3286482,J150502.80+391943.1,0.54
Obj_11218,3845630,EGIPS J152303.7-213447,230.7655941,-21.579799,J152303.74-213447.3,0.54
Obj_4870,918284,EGIPS J082053.1-145449,125.2213748,-14.9137646,J082053.13-145449.6,0.54
Obj_11315,3848019,EGIPS J153028.9+083552,232.6204168,8.5980479,J153028.90+083553.0,0.54
Obj_8057,37467,EGIPS J115546.6+295629,178.9442364,29.9414512,J115546.62+295629.2,0.54
Obj_8056,37428,EGIPS J115542.1+245513,178.9258168,24.9202833,J115542.20+245513.0,0.54
Obj_15049,       ,EGIPS J221044.3+240031,332.6849064,24.0086488,J221044.38+240031.1,0.54
Obj_2548,1460054,EGIPS J032342.6+143038,50.9277678,14.5106385,J032342.66+143038.3,0.54
Obj_872,1317064,EGIPS J010434.9+071427,16.1458312,7.2409687,J010435.00+071427.5,0.54
Obj_4622,2060151,EGIPS J080318.1+350850,120.8254751,35.147287,J080318.11+350850.2,0.54
Obj_14455,91696,EGIPS J210735.4+052930,316.8975841,5.491706,J210735.42+052930.1,0.53
Obj_5457,1501800,EGIPS J090820.5+160839,137.0855798,16.1443178,J090820.54+160839.5,0.53
Obj_13484,2597427,EGIPS J183355.1+600309,278.4797971,60.0525976,J183355.15+600309.4,0.53
Obj_8255,1429691,EGIPS J120748.9+132307,181.953876,13.385415,J120748.93+132307.5,0.53
Obj_977,212675,EGIPS J011054.8+333349,17.7287321,33.5636678,J011054.90+333349.2,0.53
Obj_2743,90692,EGIPS J034524.8-132006,56.3537322,-13.335029,J034524.90-132006.1,0.53
Obj_7212,4565063,EGIPS J110637.6+233248,166.6568148,23.5468251,J110637.64+233248.6,0.53
Obj_15762,70541,EGIPS J230754.9+050940,346.9791568,5.1612389,J230755.00+050940.5,0.53
Obj_14706,2040856,EGIPS J213915.0+335427,324.812818,33.90755,J213915.08+335427.2,0.53
Obj_11319,2217773,EGIPS J153041.4+431842,232.672758,43.3118844,J153041.46+431842.8,0.53
Obj_16312,72599,EGIPS J235059.9+354655,357.7498673,35.7820115,J235059.97+354655.2,0.53
Obj_3815,2333197,EGIPS J064840.8+490519,102.1700864,49.0887997,J064840.82+490519.7,0.53
Obj_2352,1808409,EGIPS J030408.3+272648,46.0347275,27.4467362,J030408.33+272648.3,0.53
Obj_7446,91104,EGIPS J111849.2+571459,169.7050083,57.2498552,J111849.20+571459.5,0.53
Obj_3664,2272472,EGIPS J061949.2+455508,94.9552483,45.9189061,J061949.26+455508.1,0.53
Obj_12497,2066645,EGIPS J165125.9+353431,252.8581165,35.575389,J165125.95+353431.4,0.53
Obj_12087,91529,EGIPS J162213.2+403742,245.5551768,40.6285953,J162213.24+403742.9,0.53
Obj_10580,91370,EGIPS J143549.0+120841,218.9545292,12.1447897,J143549.09+120841.2,0.53
Obj_6670,91027,EGIPS J103331.1+445823,158.3797921,44.97306,J103331.15+445823.0,0.53
Obj_9905,1663212,EGIPS J135108.0+220506,207.7836002,22.0850558,J135108.06+220506.2,0.53
Obj_10472,3416447,EGIPS J142846.6+511221,217.1945563,51.2059651,J142846.69+511221.5,0.53
Obj_7990,1685121,EGIPS J115057.5+231833,177.7397309,23.309295,J115057.54+231833.5,0.53
Obj_592,       ,EGIPS J004244.3+483949,10.6846531,48.6638288,J004244.32+483949.8,0.53
Obj_15118,198589,EGIPS J221532.8-273006,333.886776,-27.5016738,J221532.83-273006.0,0.53
Obj_5603,4010067,EGIPS J091907.6+094935,139.7817883,9.8266587,J091907.63+094936.0,0.53
Obj_1892,2189579,EGIPS J022651.5+415634,36.7146758,41.942839,J022651.52+415634.2,0.52
Obj_16260,3989985,EGIPS J234804.2-211416,357.0175823,-21.2378792,J234804.22-211416.4,0.52
Obj_10501,91363,EGIPS J143042.5+121929,217.677126,12.3249561,J143042.51+121929.8,0.52
Obj_2610,4666501,EGIPS J032913.8+380419,52.3076745,38.0721244,J032913.84+380419.6,0.52
Obj_13073,       ,EGIPS J174611.4+665557,266.5477232,66.9326576,J174611.45+665557.6,0.52
Obj_76,1100217,EGIPS J000600.7-020918,1.5030857,-2.1552244,J000600.74-020918.8,0.52
Obj_9678,2209642,EGIPS J133515.4+425701,203.8141984,42.9503517,J133515.41+425701.3,0.52
Obj_8121,37782,EGIPS J115935.9-232950,179.8996986,-23.4974619,J115935.93-232950.9,0.52
Obj_4920,       ,EGIPS J082450.9+674006,126.2123904,67.6683581,J082450.97+674006.1,0.52
Obj_8239,91175,EGIPS J120703.2+254343,181.7636172,25.7288521,J120703.27+254343.9,0.52
Obj_281,90472,EGIPS J002208.4+102245,5.5351595,10.3793353,J002208.44+102245.6,0.52
Obj_2016,9880,EGIPS J023613.9-004151,39.0583179,-0.6976305,J023614.00-004151.5,0.52
Obj_9244,4355615,EGIPS J130712.6+160657,196.8027785,16.1158666,J130712.67+160657.1,0.52
Obj_963,4148,EGIPS J010956.0+204618,17.4835138,20.7717523,J010956.04+204618.3,0.52
Obj_12823,1774853,EGIPS J171929.0+262406,259.8710107,26.4019114,J171929.04+262406.9,0.52
Obj_2046,1233576,EGIPS J023923.6+023906,39.8487093,2.6517072,J023923.69+023906.1,0.52
Obj_9725,1806479,EGIPS J133832.1+272308,204.6338729,27.3855817,J133832.13+272308.1,0.52
Obj_13112,1681618,EGIPS J174921.7+230634,267.3407771,23.1096974,J174921.79+230634.9,0.52
Obj_467,1147118,EGIPS J003630.2-001714,9.1262027,-0.2874094,J003630.29-001714.7,0.52
Obj_5400,3737312,EGIPS J090344.5+213831,135.9356734,21.6420147,J090344.56+213831.3,0.52
Obj_1879,3637378,EGIPS J022527.7-060239,36.3654522,-6.0442302,J022527.71-060239.2,0.52
Obj_2010,1043890,EGIPS J023551.3-053015,38.9640769,-5.5044099,J023551.38-053015.9,0.52
Obj_5082,1089151,EGIPS J083655.6-023226,129.231763,-2.5405884,J083655.62-023226.1,0.52
Obj_9070,908309,EGIPS J125722.8-153854,194.3453953,-15.6485431,J125722.89-153854.8,0.52
Obj_4696,22873,EGIPS J080903.4+164036,122.2645682,16.6769351,J080903.50+164037.0,0.52
Obj_11413,55705,EGIPS J153915.1+400843,234.8130751,40.1453242,J153915.14+400843.2,0.52
Obj_6975,32676,EGIPS J105307.5+253934,163.2816423,25.6596064,J105307.59+253934.6,0.52
Obj_3477,785256,EGIPS J053813.3-245206,84.5556536,-24.8685922,J053813.36-245206.9,0.51
Obj_311,       ,EGIPS J002341.5+185556,5.9232137,18.932257,J002341.57+185556.1,0.51
Obj_11501,       ,EGIPS J154558.7+442723,236.4948428,44.4564334,J154558.76+442723.2,0.51
Obj_7980,1712509,EGIPS J115020.1+243837,177.5841502,24.6437806,J115020.20+243837.6,0.51
Obj_7444,1230591,EGIPS J111834.8+023318,169.6450758,2.5551826,J111834.82+023318.7,0.51
Obj_11358,5092525,EGIPS J153423.2+113417,233.5967211,11.5714238,J153423.21+113417.1,0.51
Obj_6121,28741,EGIPS J095716.5+043140,149.3191126,4.5279376,J095716.59+043140.6,0.51
Obj_5271,2443749,EGIPS J085140.9+533158,132.9207615,53.5328536,J085140.98+533158.3,0.51
Obj_2811,902999,EGIPS J035427.5-160332,58.6146016,-16.0591562,J035427.50-160333.0,0.51
Obj_9101,3799819,EGIPS J125909.9-144534,194.7916411,-14.7596104,J125909.99-144534.6,0.51
Obj_10267,1771897,EGIPS J141355.7+261930,213.4822697,26.3251506,J141355.74+261930.5,0.51
Obj_5356,1878356,EGIPS J085950.9+294735,134.9624107,29.7931445,J085950.98+294735.3,0.51
Obj_7942,2135752,EGIPS J114804.3+384524,177.0180084,38.7568189,J114804.32+384524.5,0.51
Obj_2616,2343573,EGIPS J033001.3+492730,52.505491,49.4583922,J033001.32+492730.2,0.51
Obj_15135,92740,EGIPS J221653.4-265715,334.2225019,-26.9542406,J221653.40-265715.3,0.51
Obj_114,658,EGIPS J000904.2+105508,2.2676196,10.9189205,J000904.23+105508.1,0.51
Obj_11596,757083,EGIPS J155244.8-271744,238.1869225,-27.2957863,J155244.86-271744.8,0.51
Obj_12300,1763108,EGIPS J163651.3+260646,249.2139307,26.1129434,J163651.34+260646.6,0.51
Obj_10928,1257989,EGIPS J150006.1+034519,225.0254641,3.7554667,J150006.11+034519.7,0.51
Obj_11446,214406,EGIPS J154155.5+063642,235.4813361,6.6117507,J154155.52+063642.3,0.51
Obj_1394,       ,EGIPS J014547.2-150959,26.4469155,-15.1666103,J014547.26-150959.8,0.51
Obj_12889,2601798,EGIPS J172636.5+602439,261.652132,60.410844,J172636.51+602439.0,0.51
Obj_14567,1906711,EGIPS J212310.8+303043,320.7952795,30.5121248,J212310.87+303043.6,0.51
Obj_3154,16033,EGIPS J044800.0+084242,72.0004154,8.7117471,J044800.10+084242.3,0.5
Obj_8313,1251317,EGIPS J121122.0+032332,182.841774,3.3923583,J121122.03+032332.5,0.5
Obj_8082,116026,EGIPS J115646.3-121358,179.1930168,-12.2329817,J115646.32-121358.7,0.5
Obj_9287,1274116,EGIPS J130929.7+045035,197.3739865,4.8431921,J130929.76+045035.5,0.5
Obj_11090,1479330,EGIPS J151219.5+151439,228.0815784,15.2443622,J151219.58+151439.7,0.5
Obj_5833,90931,EGIPS J093630.5+153255,144.1274158,15.5488233,J093630.58+153255.8,0.5
Obj_9711,92418,EGIPS J133752.6-204633,204.4694294,-20.7760517,J133752.66-204633.8,0.5
Obj_5791,2453344,EGIPS J093326.2+535228,143.3593203,53.8746348,J093326.24+535228.7,0.5
